"","ID","Variant_LR","Variant_DRGSG","Het","DRG_AVG_C","SG_AVG_C","MEAN_DRG_SG_C","DRG_AVG_T","SG_AVG_T","MEAN_DRG_SG_T","LEFT_AVG_C","RIGHT_AVG_C","MEAN_LEFT_RIGHT_C","LEFT_AVG_T","RIGHT_AVG_T","MEAN_LEFT_RIGHT_T","flag","temp"
"1","18-43091499-A-C","Right_Enriched","Both_DRGSG",0,0.023507075,0.001837092,0.012672084,0.03161727,0.054470539,0.043043905,0.032330309,0.002863851,0.01759708,0.033406975,0.053705622,0.043556299,0,640
"2","2-23751393-G-C","Right_Enriched","DRG_Enriched",0,0.068883575,0.006084968,0.037484272,0.066654518,0.058739964,0.062697241,0.064092041,0.039421324,0.051756683,0.022325691,0.096934255,0.059629973,0,6990
"3","3-171179143-A-T","Right_Enriched","DRG_Enriched",0,0.02233228,0.002452167,0.012392224,0.018218819,0.050960341,0.03458958,0.025679477,0.008141385,0.016910431,0.008897644,0.060338093,0.034617869,0,250
"4","3-52478343-C-T","Right_Enriched","DRG_Enriched",0,0.034830112,0.005017614,0.019923863,0.025823953,0.041129924,0.033476939,0.035353368,0.018045493,0.026699431,0.009232094,0.056195171,0.032713633,0,1150
"5","5-153154792-C-A","Right_Enriched","DRG_Enriched",0,0.035893293,0.009735161,0.022814227,0.032272982,0.048197171,0.040235077,0.035593446,0.021925068,0.028759257,0.010802032,0.067831639,0.039316836,0,1230
"6","7-154565745-A-T","Right_Enriched","DRG_Enriched",0,0.049116556,0.006210032,0.027663294,0.039565522,0.064704305,0.052134914,0.049782748,0.025046806,0.037414777,0.01384019,0.088833285,0.051336738,0,640
"7","X-147925627-C-G","Right_Enriched","DRG_Enriched",0,0.05051855,0.006737732,0.028628141,0.04029463,0.055696534,0.047995582,0.052371544,0.024785111,0.038578328,0.013033198,0.080601803,0.046817501,0,1530
"8","X-23407491-G-A","Right_Enriched","DRG_Enriched",0,0.062057032,0.007415504,0.034736268,0.049640174,0.058780577,0.054210376,0.060900808,0.033408787,0.047154798,0.017515256,0.087554792,0.052535024,0,4690
"9","X-32222621-G-A","Right_Enriched","DRG_Enriched",0,0.052689303,0.004486196,0.02858775,0.045581484,0.048392376,0.04698693,0.052641447,0.026444555,0.039543001,0.015964121,0.075057732,0.045510927,1,10000
"10","1-13940128-A-T","Right_Enriched","Both_DRGSG",0,0.010512311,0.002332412,0.006422362,0.010796458,0.018714848,0.014755653,0.010445159,0.0061177,0.00828143,0.004324186,0.024773525,0.014548856,0,1950
"11","1-164696426-T-A","Right_Enriched","DRG_Enriched",0,0.028158766,0.003227746,0.015693256,0.024837675,0.033502445,0.02917006,0.026329948,0.016388845,0.021359397,0.007968644,0.048666016,0.02831733,0,3040
"12","1-176877068-GAT-G","Right_Enriched","DRG_Enriched",0,0.015601488,0.001946166,0.008773827,0.011967177,0.014691559,0.013329368,0.015834292,0.007920327,0.01187731,0.003943215,0.022041918,0.012992567,1,10000
"13","1-181591423-T-C","Right_Enriched","DRG_Enriched",0,0.041341291,0.032192546,0.036766919,0.042181774,0.042110544,0.042146159,0.040015713,0.037676644,0.038846179,0.023795473,0.05956173,0.041678602,1,10000
"14","1-183746815-C-A","Right_Enriched","DRG_Enriched",0,0.015647069,0.002010893,0.008828981,0.016826093,0.018024577,0.017425335,0.014803526,0.009052698,0.011928112,0.006652423,0.027031392,0.016841908,1,10000
"15","1-209778449-G-A","Right_Enriched","Both_DRGSG",0,0.014990566,0.00219751,0.008594038,0.012065474,0.016755932,0.014410703,0.015534058,0.007469043,0.011501551,0.003947006,0.02425556,0.014101283,0,5260
"16","1-218859808-A-C","Left_Enriched","Both_DRGSG",0,0.011963833,0.000659522,0.006311678,0.015692948,0.007540294,0.011616621,0.017207101,0.000554578,0.00888084,0.015549549,0.007342989,0.011446269,0,1450
"17","1-235292103-G-A","Right_Enriched","SG_Enriched",0,0.015726083,0.005134628,0.010430356,0.012890841,0.027121827,0.020006334,0.016653971,0.009021038,0.012837505,0.005431685,0.033970774,0.01970123,0,880
"18","1-51784070-T-A","Right_Enriched","SG_Enriched",0,0.014366679,0.002860315,0.008613497,0.011654186,0.021266046,0.016460116,0.015019973,0.007437186,0.01122858,0.004922536,0.027435595,0.016179066,0,1500
"19","1-70812918-A-C","Right_Enriched","DRG_Enriched",0,0.027967053,0.004230366,0.01609871,0.022716382,0.038791249,0.030753816,0.027856967,0.015129855,0.021493411,0.009059115,0.051653346,0.030356231,0,960
"20","1-72132442-A-T","Right_Enriched","SG_Enriched",0,0.012154653,0.002607919,0.007381286,0.010628931,0.016030295,0.013329613,0.012401157,0.00670084,0.009550999,0.003607244,0.022589448,0.013098346,0,3740
"21","1-91399295-T-C","Right_Enriched","DRG_Enriched",0,0.025399643,0.002105427,0.013752535,0.027046148,0.035443314,0.031244731,0.025663104,0.012430246,0.019046675,0.006423644,0.054830485,0.030627065,0,3380
"22","10-118236766-T-A","Right_Enriched","DRG_Enriched",0,0.050709648,0.001504,0.026106824,0.021907015,0.030913656,0.026410336,0.042561804,0.032018048,0.037289926,0.021793786,0.030572791,0.026183289,0,2560
"23","10-119305896-C-G","Both_LR","Both_DRGSG",0,0.214420324,0.277942331,0.246181328,0.250475765,0.279853176,0.265164471,0.249766071,0.213722944,0.231744508,0.27102552,0.258308305,0.264666913,0,1190
"24","10-1290063-C-A","Right_Enriched","DRG_Enriched",0,0.029280965,0.003242359,0.016261662,0.026283411,0.03755934,0.031921376,0.025614259,0.018744796,0.022179528,0.011072321,0.051024365,0.031048343,0,1960
"25","10-13974608-C-G","Right_Enriched","DRG_Enriched",0,0.031757894,0.00388857,0.017823232,0.025360267,0.037498315,0.031429291,0.030489237,0.017825102,0.02415717,0.009332838,0.052208931,0.030770885,0,1730
"26","10-24409014-A-T","Right_Enriched","DRG_Enriched",0,0.015360829,0.002126641,0.008743735,0.013799168,0.017504231,0.0156517,0.014896794,0.008606216,0.011751505,0.004926475,0.025732794,0.015329635,0,9060
"27","10-24537204-A-T","Right_Enriched","Both_DRGSG",0,0.014176174,0.00207218,0.008124177,0.013747582,0.019273709,0.016510646,0.01361886,0.008131309,0.010875085,0.005295129,0.027071227,0.016183178,0,4350
"28","10-9242353-A-G","Right_Enriched","DRG_Enriched",0,0.016272346,0.003076967,0.009674657,0.01227668,0.021550193,0.016913437,0.016792655,0.008554557,0.012673606,0.004972968,0.028525606,0.016749287,0,1640
"29","11-104905208-A-G","Both_LR","Both_DRGSG",0,0.130245073,0.146220705,0.138232889,0.140857407,0.133396974,0.137127191,0.143062093,0.126142034,0.134602064,0.141746586,0.132039995,0.136893291,1,10000
"30","11-18955339-G-A","Both_LR","Both_DRGSG",0,0.304459735,0.335416607,0.319938171,0.321853899,0.322759803,0.322306851,0.32676709,0.299037945,0.312902518,0.329325068,0.316204681,0.322764875,1,10000
"31","11-21020790-T-C","Right_Enriched","DRG_Enriched",0,0.032817151,0.005125882,0.018971517,0.025256243,0.03334219,0.029299217,0.034840165,0.015689808,0.025264987,0.008418218,0.04872444,0.028571329,0,3470
"32","11-35370632-G-T","Right_Enriched","Both_DRGSG",0,0.013402498,0.002661422,0.00803196,0.013045948,0.018660558,0.015853253,0.013095411,0.007850816,0.010473114,0.004735668,0.026283459,0.015509564,0,4090
"33","11-43864674-G-A","Left_Enriched","DRG_Enriched",0,0.0209177,0.004224107,0.012570904,0.022266632,0.021387395,0.021827014,0.020898482,0.011831322,0.016364902,0.016325543,0.026667281,0.021496412,1,10000
"34","11-72125505-T-G","Left_Enriched","Both_DRGSG",0,0.010074578,0.012029876,0.011052227,0.001138478,0.003088827,0.002113653,0.013835748,0.007379933,0.010607841,0.003278636,0.001033467,0.002156052,0,4700
"35","11-83458106-C-A","Right_Enriched","Both_DRGSG",0,0.013389032,0.000620763,0.007004898,0.014655748,0.016240409,0.015448079,0.011881283,0.007932271,0.009906777,0.004697855,0.025186716,0.014942286,1,10000
"36","12-102816035-G-A","Right_Enriched","Both_DRGSG",0,0.010068527,0.002661939,0.006365233,0.010187817,0.01062979,0.010408804,0.011636831,0.004460266,0.008048549,0.003741275,0.016431124,0.0100862,1,10000
"37","12-125830567-G-T","Right_Enriched","SG_Enriched",0,0.010192777,0.000582271,0.005387524,0.006094105,0.01433756,0.010215833,0.011201716,0.003941744,0.00757173,0.003111742,0.017210394,0.010161068,0,1260
"38","12-130104066-G-T","Right_Enriched","Both_DRGSG",0,0.014564297,0.00286469,0.008714494,0.010717017,0.014958133,0.012837575,0.015197143,0.007549847,0.011373495,0.003954906,0.021336765,0.012645836,0,5750
"39","12-31128266-C-A","Right_Enriched","Both_DRGSG",0,0.014057158,0.000862458,0.007459808,0.012654383,0.017493552,0.015073968,0.012898675,0.008018531,0.010458603,0.004408743,0.02499587,0.014702307,0,5160
"40","12-64823607-A-G","Right_Enriched","Both_DRGSG",0,0.019253593,0.006034388,0.012643991,0.015303891,0.025050397,0.020177144,0.019061917,0.012234794,0.015648356,0.005216885,0.034615161,0.019916023,0,1720
"41","12-79634427-T-C","Right_Enriched","DRG_Enriched",0,0.025357903,0.002221662,0.013789783,0.0221171,0.026469667,0.024293384,0.025368094,0.012727944,0.019048019,0.007505285,0.039556103,0.023530694,0,9910
"42","12-79679534-G-T","Right_Enriched","Both_DRGSG",0,0.013119407,0.001567281,0.007343344,0.012953408,0.01381536,0.013384384,0.012210873,0.007726781,0.009968827,0.004684977,0.020811057,0.012748017,1,10000
"43","12-96591408-C-T","Right_Enriched","DRG_Enriched",0,0.015400352,0.002322069,0.008861211,0.015804598,0.01640467,0.016104634,0.014464557,0.009202538,0.011833548,0.005254573,0.02540882,0.015331697,1,10000
"44","13-107318347-A-G","Right_Enriched","Both_DRGSG",0,0.060930769,0.004547332,0.032739051,0.053531916,0.036483393,0.045007655,0.043964249,0.047142687,0.045553468,0.030887856,0.057410859,0.044149358,0,1210
"45","13-107318348-C-T","Both_LR","DRG_Enriched",0,0.057563371,0.004108642,0.030836007,0.051042671,0.035697269,0.04336997,0.041419305,0.044550312,0.042984809,0.029463269,0.055729189,0.042596229,0,1440
"46","13-108418541-A-T","Right_Enriched","DRG_Enriched",0,0.024937053,0.002933537,0.013935295,0.026904702,0.027884489,0.027394596,0.023086065,0.014786124,0.018936095,0.00795988,0.04528099,0.026620435,1,10000
"47","13-42222699-G-A","Left_Enriched","Both_DRGSG",0,0.034576256,0.040091992,0.037334124,0.048037725,0.052479303,0.050258514,0.045793666,0.026367429,0.036080548,0.061681672,0.039008029,0.050344851,1,10000
"48","13-60538565-G-A","Left_Enriched","DRG_Enriched",0,0.024472645,0.011327932,0.017900289,0.019413657,0.017466272,0.018439965,0.025280292,0.016495154,0.020887723,0.013983911,0.022473219,0.018228565,1,10000
"49","13-70639137-A-G","Right_Enriched","Both_DRGSG",0,0.012926607,0.001464706,0.007195657,0.00829673,0.009232777,0.008764754,0.013787311,0.005813957,0.009800634,0.003908425,0.012878993,0.008393709,1,10000
"50","13-76024313-T-C","Right_Enriched","Both_DRGSG",0,0.019683748,0.003975515,0.011829632,0.022494829,0.024701445,0.023598137,0.016894249,0.013905119,0.015399684,0.011076406,0.034107426,0.022591916,1,10000
"51","13-94198832-C-A","Right_Enriched","SG_Enriched",0,0.006818577,0.000387349,0.003602963,0.003217964,0.01479971,0.009008837,0.007583277,0.002545934,0.005064606,0.001948806,0.016407099,0.009177953,0,540
"52","13-95836982-A-G","Both_LR","Both_DRGSG",0,0.04501901,0.04605266,0.045535835,0.043459507,0.044141555,0.043800531,0.047182618,0.04341921,0.045300914,0.044475682,0.043452507,0.043964095,1,10000
"53","14-52456732-T-G","Left_Enriched","SG_Enriched",0,0.016138521,0.026323402,0.021230962,0.011437423,0.016111795,0.013774609,0.018010519,0.019821912,0.018916216,0.017753919,0.010796757,0.014275338,0,5070
"54","14-75179334-C-A","Right_Enriched","DRG_Enriched",0,0.021813044,0.002262451,0.012037748,0.019605417,0.018817109,0.019211263,0.021243803,0.011718324,0.016481064,0.005916124,0.030921211,0.018418668,1,10000
"55","14-75643656-G-T","Right_Enriched","DRG_Enriched",0,0.0237812,0.001932367,0.012856784,0.016509691,0.020286036,0.018397864,0.023888531,0.011756323,0.017822427,0.006418962,0.029314141,0.017866552,1,10000
"56","14-79502538-T-A","Right_Enriched","DRG_Enriched",0,0.027039363,0.003478014,0.015258689,0.023497792,0.031370937,0.027434365,0.026170626,0.015056454,0.02061354,0.008217456,0.04553213,0.026874793,0,3450
"57","14-89680780-C-G","Right_Enriched","DRG_Enriched",0,0.027238552,0.004318638,0.015778595,0.020550936,0.028682929,0.024616933,0.026989955,0.014985378,0.020987667,0.006969447,0.040462471,0.023715959,0,2950
"58","15-48703748-T-A","Right_Enriched","DRG_Enriched",0,0.009730175,0.000768979,0.005249577,0.010087126,0.004897412,0.007492269,0.009674399,0.004898026,0.007286213,0.002643675,0.011566671,0.007105173,0,2380
"59","15-62948530-C-G","Both_LR","Both_DRGSG",0,0.009488463,0.000414651,0.004951557,0.009241565,0.00488716,0.007064363,0.007657711,0.006369863,0.007013787,0.003595703,0.010055493,0.006825598,0,3100
"60","15-96858685-A-T","Right_Enriched","SG_Enriched",0,0.010891065,0.001454372,0.006172719,0.010833598,0.019928637,0.015381118,0.010569945,0.006064898,0.008317422,0.004162541,0.025989481,0.015076011,0,1550
"61","15-97985783-C-A","Right_Enriched","DRG_Enriched",0,0.026964393,0.003743816,0.015354105,0.023236571,0.032990426,0.028113499,0.025803635,0.015459382,0.020631509,0.007912699,0.047422845,0.027667772,0,2300
"62","16-12268431-T-G","Right_Enriched","SG_Enriched",0,0.011618878,0.000298423,0.005958651,0.006923935,0.014737298,0.010830617,0.011649851,0.005413112,0.008531482,0.002846803,0.018490696,0.01066875,0,1550
"63","16-240312-C-G","Right_Enriched","SG_Enriched",0,0.009231007,0.000838165,0.005034586,0.006125422,0.015391253,0.010758338,0.011048045,0.002836056,0.006942051,0.002938436,0.018429696,0.010684066,0,1090
"64","16-24311923-T-C","Right_Enriched","Both_DRGSG",0,0.016686025,0.001963796,0.009324911,0.013170379,0.022001152,0.017585766,0.013564976,0.011776768,0.012670872,0.004858763,0.029977241,0.017418002,0,1860
"65","16-87882322-T-G","Both_LR","Both_DRGSG",0,0.027838691,0.044844075,0.036341383,0.015839966,0.017079538,0.016459752,0.027798627,0.037154419,0.032476523,0.023595858,0.009377541,0.0164867,1,10000
"66","17-21219297-C-T","Both_LR","Both_DRGSG",0,0.251447525,0.256514763,0.253981144,0.268060742,0.25182399,0.259942366,0.267328266,0.238330732,0.252829499,0.254841639,0.264079195,0.259460417,0,3800
"67","17-21303731-C-T","Both_LR","Both_DRGSG",0,0.041387945,0.058710208,0.050049077,0.051676923,0.052565753,0.052121338,0.049860475,0.042363922,0.046112199,0.055054515,0.048661473,0.051857994,1,10000
"68","17-21303912-G-T","Both_LR","Both_DRGSG",0,0.239866012,0.254703751,0.247284882,0.251605027,0.250009435,0.250807231,0.254836916,0.232988421,0.243912669,0.25266211,0.248841269,0.25075169,1,10000
"69","17-21305339-C-G","Both_LR","Both_DRGSG",0,0.16466155,0.174595488,0.169628519,0.176162071,0.170275377,0.173218724,0.173041813,0.161699799,0.167370806,0.173445626,0.173354381,0.173400004,1,10000
"70","17-21305752-G-A","Both_LR","Both_DRGSG",0,0.171298347,0.189724072,0.18051121,0.183775722,0.181592206,0.182683964,0.186718035,0.165929056,0.176323546,0.18158754,0.183594183,0.182590862,1,10000
"71","17-21308148-G-T","Both_LR","Both_DRGSG",0,0.148553151,0.169742649,0.1591479,0.163221242,0.159544773,0.161383008,0.160108826,0.148555385,0.154332106,0.164176738,0.158312767,0.161244753,1,10000
"72","17-56646073-AG-A","Right_Enriched","SG_Enriched",0,0.016398729,0.002682559,0.009540644,0.011444333,0.017132754,0.014288544,0.017104854,0.008211056,0.012657955,0.004575911,0.023107894,0.013841903,0,3690
"73","18-12105898-A-G","Right_Enriched","Both_DRGSG",0,0.018655185,0.002672764,0.010663975,0.018268933,0.019231938,0.018750436,0.016653784,0.011938901,0.014296343,0.004455208,0.032156804,0.018306006,1,10000
"74","18-22749608-T-G","Both_LR","DRG_Enriched",0,0.05280773,0.06699288,0.059900305,0.014650215,0.000733468,0.007691842,0.048388858,0.064963957,0.056676408,0.007580428,0.007423413,0.007501921,0,250
"75","18-29519258-T-G","Both_LR","Both_DRGSG",0,0.105687469,0.171510196,0.138598833,0.060044668,0.117361775,0.088703222,0.113754979,0.133523265,0.123639122,0.114688331,0.081334775,0.098011553,0,190
"76","18-37261557-A-G","Right_Enriched","DRG_Enriched",0,0.016749148,0.002709392,0.00972927,0.012918521,0.015830696,0.014374609,0.018216598,0.00762365,0.012920124,0.004720602,0.023174328,0.013947465,1,10000
"77","18-43091497-A-C","Right_Enriched","Both_DRGSG",0,0.006345419,0.000235633,0.003290526,0.009085339,0.032198911,0.020642125,0.009010339,0.000347889,0.004679114,0.017138783,0.025150404,0.021144594,0,370
"78","18-65255054-G-C","Right_Enriched","Both_DRGSG",0,0.013197472,0.002458232,0.007827852,0.009224411,0.014841069,0.01203274,0.013123872,0.007413305,0.010268589,0.0032181,0.020269955,0.011744028,0,3220
"79","19-4034541-G-A","Both_LR","Both_DRGSG",0,0.018605618,0.016891558,0.017748588,0.023184424,0.018421087,0.020802756,0.015655447,0.020620847,0.018138147,0.017817976,0.023480811,0.020649394,0,7150
"80","19-56169835-A-C","Both_LR","Both_DRGSG",0,0.016801177,0.02618602,0.021493599,0.011020714,0.021427908,0.016224311,0.015034511,0.023686848,0.01936068,0.022338863,0.010562246,0.016450555,0,1220
"81","2-141837607-G-A","Right_Enriched","DRG_Enriched",0,0.031390128,0.002431828,0.016910978,0.027792381,0.031085658,0.02943902,0.029587009,0.017397811,0.02349241,0.00812582,0.048914891,0.028520356,1,10000
"82","2-159971886-C-T","Right_Enriched","SG_Enriched",0,0.014874283,0.003389486,0.009131885,0.011549446,0.019812818,0.015681132,0.016546357,0.006937774,0.011742066,0.005475746,0.025332012,0.015403879,0,1900
"83","2-197333590-C-G","Right_Enriched","DRG_Enriched",0,0.014121173,0.000573669,0.007347421,0.01347742,0.016584516,0.015030968,0.012893119,0.00795968,0.0104264,0.003815765,0.025475465,0.014645615,1,10000
"84","2-206548547-A-G","Right_Enriched","Both_DRGSG",0,0.012544707,0.0025788,0.007561754,0.011824851,0.013486786,0.012655819,0.014096659,0.005556805,0.009826732,0.0049104,0.019601475,0.012255938,1,10000
"85","2-215057413-T-A","Right_Enriched","Both_DRGSG",0,0.015700729,0.002393101,0.009046915,0.008182077,0.015732541,0.011957309,0.017859759,0.006282992,0.012071376,0.003576012,0.019685833,0.011630923,0,1740
"86","2-218251316-T-G","Right_Enriched","DRG_Enriched",0,0.014534689,0.001268786,0.007901738,0.012767848,0.016974187,0.014871018,0.010879508,0.010953922,0.010916715,0.003126652,0.026374942,0.014750797,0,6710
"87","2-223315971-G-T","Right_Enriched","Both_DRGSG",0,0.011403848,0.002247933,0.006825891,0.011601388,0.015609756,0.013605572,0.010212796,0.007600764,0.00890678,0.003247622,0.023333684,0.013290653,0,6750
"88","2-50912778-T-G","Right_Enriched","DRG_Enriched",0,0.025309033,0.002831228,0.014070131,0.021322325,0.026269771,0.023796048,0.024930788,0.013426657,0.019178723,0.006837795,0.039518546,0.023178171,0,7510
"89","2-51442439-G-C","Right_Enriched","DRG_Enriched",0,0.027755634,0.002975746,0.01536569,0.022641343,0.024752251,0.023696797,0.028990374,0.013004591,0.020997483,0.006577326,0.039377755,0.022977541,1,10000
"90","2-63055830-T-C","Both_LR","Both_DRGSG",0,0.127096332,0.10289923,0.114997781,0.143588205,0.120624817,0.132106511,0.117843318,0.123150926,0.120497122,0.127539088,0.134054902,0.130796995,0,1510
"91","20-19907658-C-G","Right_Enriched","SG_Enriched",0,0.01796002,0.002588489,0.010274255,0.014005125,0.015859016,0.014932071,0.017050751,0.010484819,0.013767785,0.004982232,0.024070711,0.014526472,1,10000
"92","21-34185473-C-G","Both_LR","DRG_Enriched",0,0.038266141,0.004186314,0.021226228,0.033279977,0.024813925,0.029046951,0.034486081,0.023457205,0.028971643,0.017004808,0.040154497,0.028579653,0,3190
"93","21-36168625-A-G","Right_Enriched","Both_DRGSG",0,0.025203629,0.001822206,0.013512918,0.013025737,0.01806219,0.015543964,0.030152909,0.007500846,0.018826878,0.005132282,0.024795762,0.014964022,0,4940
"94","21-36940531-T-A","Right_Enriched","SG_Enriched",0,0.014874111,0.000879294,0.007876703,0.010280109,0.015798421,0.013039265,0.014873119,0.007241566,0.011057343,0.003147129,0.021960757,0.012553943,0,3510
"95","21-39443593-A-C","Right_Enriched","DRG_Enriched",0,0.02495579,0.004375872,0.014665831,0.020574923,0.030815759,0.025695341,0.024052993,0.014633178,0.019343086,0.00685721,0.043764163,0.025310687,0,1970
"96","21-39866312-C-G","Right_Enriched","DRG_Enriched",0,0.024209932,0.005377178,0.014793555,0.021032777,0.032516232,0.026774505,0.023308006,0.014839446,0.019073726,0.007076759,0.045369214,0.026222987,0,1630
"97","22-23525805-G-C","Right_Enriched","SG_Enriched",0,0.007266307,0,0.003633154,0.005743847,0.01405914,0.009901494,0.007953796,0.002615377,0.005284587,0.001371364,0.017893608,0.009632486,0,1200
"98","3-100689781-G-T","Right_Enriched","Both_DRGSG",0,0.014098208,0.001778829,0.007938519,0.012292271,0.014466645,0.013379458,0.014223552,0.007253203,0.010738378,0.004336775,0.021386706,0.012861741,1,10000
"99","3-129322852-G-A","Right_Specific","SG_Enriched",0,0.014811154,0.004603598,0.009707376,0.012861616,0.015227082,0.014044349,0.015732172,0.008322377,0.012027275,0.003073189,0.025118355,0.014095772,1,10000
"100","3-15513994-A-G","Right_Enriched","Both_DRGSG",0,0.018268691,0.001251392,0.009760042,0.014035629,0.022000266,0.018017948,0.019945607,0.007309612,0.01362761,0.004668091,0.030806348,0.01773722,0,2320
"101","3-168837042-A-T","Right_Enriched","DRG_Enriched",0,0.018501332,0.001673312,0.010087322,0.015986728,0.011948621,0.013967675,0.015848515,0.011975229,0.013911872,0.005100199,0.021768382,0.013434291,0,6860
"102","3-174981238-G-T","Right_Enriched","Both_DRGSG",0,0.015620084,0.001991843,0.008805964,0.011967377,0.012189795,0.012078586,0.01556931,0.008237272,0.011903291,0.003773578,0.01968111,0.011727344,1,10000
"103","3-18167557-G-T","Right_Enriched","Both_DRGSG",0,0.015992592,0.002620289,0.009306441,0.010748639,0.017382766,0.014065703,0.017074159,0.007617042,0.012345601,0.003891,0.023851038,0.013871019,0,2620
"104","3-186661693-G-C","Right_Enriched","SG_Enriched",0,0.006107151,0.000328548,0.00321785,0.002157437,0.018362843,0.01026014,0.008588516,0.000473821,0.004531169,0.00194087,0.019145362,0.010543116,0,280
"105","3-99450661-T-C","Right_Enriched","SG_Enriched",0,0.008345949,0.000748976,0.004547463,0.005098047,0.011490106,0.008294077,0.010464011,0.002084084,0.006274048,0.002426184,0.013774564,0.008100374,0,1780
"106","4-140432620-G-C","Right_Enriched","Both_DRGSG",0,0.01213613,0.00107326,0.006604695,0.014486661,0.018693611,0.016590136,0.012173978,0.00606399,0.009118984,0.004342497,0.028103486,0.016222992,0,7400
"107","4-149326441-A-C","Right_Specific","Both_DRGSG",0,0.011307758,0.023823616,0.017565687,0.007188277,0.009963344,0.008575811,0.012189401,0.017252946,0.014721174,0.011314074,0.007449924,0.009381999,0,9080
"108","4-151152971-T-C","Right_Enriched","DRG_Enriched",0,0.029389566,0.003198568,0.016294067,0.022345554,0.032439363,0.027392459,0.02619588,0.018297253,0.022246567,0.007906912,0.046011109,0.026959011,0,2140
"109","4-15610195-G-C","Both_LR","DRG_Enriched",0,0.030564146,0.001950546,0.016257346,0.018075284,0.020922517,0.019498901,0.025688877,0.019831997,0.022760437,0.011311912,0.027393531,0.019352722,1,10000
"110","4-34241871-C-T","Right_Enriched","SG_Enriched",0,0.011571879,0.002210355,0.006891117,0.007904183,0.013991965,0.010948074,0.012579211,0.005458262,0.009018737,0.0027244,0.018876874,0.010800637,0,2450
"111","4-37370526-G-T","Right_Enriched","DRG_Enriched",0,0.014435271,0.001815723,0.008125497,0.012580743,0.01614492,0.014362832,0.014776452,0.007210701,0.010993577,0.003793112,0.02417215,0.013982631,0,8970
"112","4-38972882-T-TCTTTTCTTTTGGGA","Right_Specific","SG_Enriched",0,0.008023339,0.003042265,0.005532802,0.008199238,0.015122122,0.01166068,0.007732985,0.005596745,0.006664865,0.003352136,0.019280726,0.011316431,0,2040
"113","4-42943496-GTTGAATTACATAA-G","Right_Enriched","SG_Enriched",0,0.008953227,0.000255652,0.00460444,0.005493337,0.005435098,0.005464218,0.008940167,0.004222156,0.006581162,0.001471298,0.009061185,0.005266242,1,10000
"114","4-74305360-T-G","Right_Enriched","Both_DRGSG",0,0.015083405,0.000310952,0.007697179,0.010782838,0.014812329,0.012797584,0.015210918,0.006898191,0.011054555,0.002877119,0.02209565,0.012486385,0,6390
"115","5-167106690-G-C","Right_Enriched","DRG_Enriched",0,0.020967291,0.004525337,0.012746314,0.020859373,0.032522675,0.026691024,0.020414787,0.012551456,0.016483122,0.006105847,0.04612899,0.026117419,0,1560
"116","5-22265389-A-T","Right_Enriched","Both_DRGSG",0,0.018585174,0.002102741,0.010343958,0.01164568,0.015715929,0.013680805,0.019559614,0.008620316,0.014089965,0.004205358,0.022639805,0.013422582,0,6640
"117","5-53392640-G-T","Both_LR","Both_DRGSG",0,0.021485222,0.012066833,0.016776028,0.028114724,0.025054559,0.026584642,0.020620041,0.017213101,0.018916571,0.022547088,0.028512775,0.025529932,1,10000
"118","5-82503997-C-G","Right_Enriched","DRG_Enriched",0,0.014605205,0.003534035,0.00906962,0.011301956,0.018086958,0.014694457,0.015189429,0.00798216,0.011585795,0.00452685,0.024361121,0.014443986,0,2640
"119","5-96959877-G-A","Right_Enriched","SG_Enriched",0,0.012992128,0.003116087,0.008054108,0.008977085,0.016221714,0.0125994,0.013464453,0.007132872,0.010298663,0.004002551,0.020359008,0.01218078,0,2040
"120","6-102257607-C-A","Right_Enriched","SG_Enriched",0,0.012622229,0.000398546,0.006510388,0.009752365,0.013627704,0.011690035,0.011937147,0.006639847,0.009288497,0.003550606,0.019354837,0.011452722,0,6320
"121","6-150533627-T-A","Right_Enriched","DRG_Enriched",0,0.021507833,0.002125844,0.011816839,0.022208139,0.024057546,0.023132843,0.017754217,0.014689455,0.016221836,0.006308555,0.039175363,0.022741959,1,10000
"122","6-2729547-T-A","Right_Enriched","SG_Enriched",0,0.207508498,0.239296099,0.223402299,0.224290811,0.252984117,0.238637464,0.230191429,0.202164258,0.216177844,0.229322666,0.242347225,0.235834946,0,1240
"123","6-42742095-G-T","Right_Enriched","DRG_Enriched",0,0.015663194,0.002219661,0.008941428,0.01424676,0.022280248,0.018263504,0.014370776,0.009622776,0.011996776,0.005969482,0.029751022,0.017860252,0,2340
"124","6-44517735-C-A","Right_Enriched","Both_DRGSG",0,0.013030999,0.00255268,0.00779184,0.01150186,0.016938974,0.014220417,0.013975447,0.006371104,0.010173276,0.003733312,0.024049405,0.013891359,0,3920
"125","6-53991166-T-G","Right_Enriched","SG_Enriched",0,0.009718595,6.89e-05,0.004893748,0.00718493,0.015553237,0.011369084,0.011197965,0.00297578,0.007086873,0.002491101,0.020099858,0.01129548,0,1390
"126","6-57219307-C-T","Both_LR","Both_DRGSG",0,0.184764434,0.144428154,0.164596294,0.165334687,0.241410197,0.203372442,0.213780309,0.133746951,0.17376363,0.192358018,0.220178486,0.206268252,0,180
"127","6-57295648-T-A","Left_Enriched","Both_DRGSG",0,0.212319779,0.234933442,0.223626611,0.233907276,0.225233697,0.229570487,0.227562438,0.209411846,0.218487142,0.233322926,0.225575508,0.229449217,1,10000
"128","6-57314064-A-G","Both_LR","DRG_Enriched",0,0.269067837,0.278842848,0.273955343,0.278075569,0.27353085,0.27580321,0.284840875,0.258626624,0.27173375,0.278246804,0.274135086,0.276190945,1,10000
"129","6-57414944-A-G","Left_Enriched","SG_Enriched",0,0.213501121,0.244203146,0.228852134,0.219089263,0.225440395,0.222264829,0.221146535,0.222602267,0.221874401,0.232771618,0.212357939,0.222564779,1,10000
"130","6-62588991-A-G","Right_Enriched","DRG_Enriched",0,0.028987407,0.003966171,0.016476789,0.020943135,0.029502487,0.025222811,0.03152558,0.012801286,0.022163433,0.006549607,0.042668113,0.02460886,0,2720
"131","7-103790455-C-T","Right_Enriched","Both_DRGSG",0,0.014517802,0.002618458,0.00856813,0.009979239,0.01309217,0.011535705,0.015797903,0.006747149,0.011272526,0.004344145,0.018069266,0.011206706,0,9520
"132","7-130580092-G-C","Right_Enriched","Both_DRGSG",0,0.012175571,0.001823718,0.006999645,0.012612645,0.01201858,0.012315613,0.012212096,0.006492581,0.009352339,0.003904073,0.019482989,0.011693531,1,10000
"133","7-132080942-C-T","Right_Enriched","SG_Enriched",0,0.008318919,0.000133775,0.004226347,0.003985303,0.009294491,0.006639897,0.009461162,0.002712052,0.006086607,0.001445382,0.011537515,0.006491449,0,2080
"134","7-135347267-C-A","Right_Enriched","DRG_Enriched",0,0.029633167,0.003931456,0.016782312,0.024896,0.022228558,0.023562279,0.023626264,0.021620955,0.02262361,0.009249966,0.035892565,0.022571266,1,10000
"135","7-146772567-T-A","Right_Enriched","DRG_Enriched",0,0.013813238,0.002227324,0.008020281,0.012227097,0.01113199,0.011679544,0.012978496,0.008328391,0.010653444,0.003922532,0.018573593,0.011248063,1,10000
"136","7-75881520-G-A","Right_Enriched","DRG_Enriched",0,0.031562984,0.002936339,0.017249662,0.026171953,0.03596017,0.031066062,0.028718781,0.018792654,0.023755718,0.010246612,0.050753063,0.030499838,0,2530
"137","8-121159917-C-T","Right_Enriched","DRG_Enriched",0,0.031697803,0.002304912,0.017001358,0.021933135,0.025334414,0.023633775,0.029374277,0.017988843,0.02368156,0.007911249,0.038831559,0.023371404,1,10000
"138","8-137681767-CGCCT-C","Right_Enriched","Both_DRGSG",0,0.014290155,0.003197924,0.00874404,0.014984789,0.014094377,0.014539583,0.013998949,0.008531053,0.011265001,0.005216578,0.022862772,0.014039675,1,10000
"139","8-2994783-G-A","Right_Enriched","DRG_Enriched",0,0.027092216,0.003715811,0.015404014,0.022182847,0.034372921,0.028277884,0.026158791,0.015274874,0.020716833,0.007562457,0.047790031,0.027676244,0,1510
"140","8-70982871-T-G","Both_LR","Both_DRGSG",0,0.013630311,0.027914103,0.020772207,0.007228195,0.010596919,0.008912557,0.016489203,0.018562579,0.017525891,0.009283884,0.008687696,0.00898579,0,6490
"141","8-72165372-G-T","Right_Enriched","DRG_Enriched",0,0.017314944,0.00261427,0.009964607,0.014788477,0.014787015,0.014787746,0.015440426,0.011170912,0.013305669,0.005221939,0.023310394,0.014266167,1,10000
"142","8-73569115-A-C","Left_Enriched","SG_Enriched",0,0.005876709,0.056624247,0.031250478,0.001101304,0.035769392,0.018435348,0.009327855,0.030106038,0.019716947,0.037553896,0.000824108,0.019189002,0,140
"143","9-136684730-ATCTGGGG-A","Right_Enriched","DRG_Enriched",0,0.025405561,0.002938198,0.01417188,0.018706529,0.019033095,0.018869812,0.025066422,0.013489774,0.019278098,0.005780591,0.030607067,0.018193829,1,10000
"144","9-137745145-C-T","Right_Enriched","DRG_Enriched",0,0.016928568,0.001319059,0.009123814,0.013742746,0.017637771,0.015690259,0.016334965,0.009007893,0.012671429,0.004404416,0.026216703,0.01531056,0,8210
"145","9-15467130-G-A","Right_Enriched","DRG_Enriched",0,0.027975625,0.002423524,0.015199575,0.026827165,0.029516119,0.028171642,0.025169754,0.016843986,0.02100687,0.008354284,0.046592841,0.027473563,1,10000
"146","9-18520144-A-C","Left_Enriched","SG_Enriched",0,0.000136367,9.29e-05,0.000114634,0.006246924,0.018654949,0.012450937,0.000122302,0.000126725,0.000124514,0.019547127,0.005927002,0.012737065,0,700
"147","9-77237941-A-G","Right_Enriched","Both_DRGSG",0,0.014685908,0.003263632,0.00897477,0.012761291,0.015133925,0.013947608,0.01516484,0.007976644,0.011570742,0.0052284,0.022236697,0.013732549,1,10000
"148","9-82492329-T-C","Right_Specific","Both_DRGSG",0,0.008205259,0.001070833,0.004638046,0.012175284,0.016588139,0.014381712,0.00516572,0.007353294,0.006259507,0.004267005,0.024116086,0.014191546,0,5900
"149","X-24686815-T-A","Both_LR","Both_DRGSG",0,0.030122991,0.006055181,0.018089086,0.020785797,0.019386643,0.02008622,0.023812495,0.023305591,0.023559043,0.012186268,0.027692891,0.01993958,1,10000
