"","ID","Variant_LR","Variant_DRGSG","Het","DRG_AVG_C","SG_AVG_C","MEAN_DRG_SG_C","DRG_AVG_T","SG_AVG_T","MEAN_DRG_SG_T","LEFT_AVG_C","RIGHT_AVG_C","MEAN_LEFT_RIGHT_C","LEFT_AVG_T","RIGHT_AVG_T","MEAN_LEFT_RIGHT_T","flag","temp"
"1","1-153370379-G-A","Left_Enriched","SG_Enriched",0,0.000579193,0.004941546,0.00276037,0.002801263,0.001720452,0.002260858,0.006597528,0.001481316,0.004039422,0.002410906,0.001540393,0.00197565,0,1060
"2","1-186266023-C-T","Left_Enriched","Both_DRGSG",0,0.001992565,0.004766124,0.003379345,0.010311015,0.005448502,0.007879759,0.007554359,0.001987673,0.004771016,0.010449501,0.00236481,0.006407156,0,3810
"3","1-18701176-T-C","Both_LR","Both_DRGSG",0,0.03854784,0.00950135,0.024024595,0.02748921,0.017131908,0.022310559,0.009630936,0.028822481,0.019226709,0.018207086,0.022056076,0.020131581,0,270
"4","1-200040569-C-T","Both_LR","Both_DRGSG",0,0.038968226,0.009931866,0.024450046,0.02468027,0.016661478,0.020670874,0.009926677,0.029291169,0.019608923,0.017131189,0.020909101,0.019020145,0,230
"5","1-226700155-G-A","Both_LR","Both_DRGSG",0,0.028378202,0.007732568,0.018055385,0.021821137,0.014390506,0.018105822,0.007860135,0.021453801,0.014656968,0.015731748,0.017239395,0.016485572,0,370
"6","1-31163408-C-T","Both_LR","DRG_Enriched",0,0.01028521,0.003039464,0.006662337,0.007897848,0.004684254,0.006291051,0.003510833,0.007712838,0.005611836,0.005188591,0.006007206,0.005597899,0,1040
"7","1-64516433-C-T","Both_LR","Both_DRGSG",0,0.037431668,0.011013251,0.02422246,0.022137932,0.015321069,0.018729501,0.011541146,0.028449564,0.019995355,0.015655194,0.019010237,0.017332716,0,310
"8","1-85292981-A-G","Both_LR","Both_DRGSG",0,0.038377521,0.011012161,0.024694841,0.025171487,0.016302715,0.020737101,0.01076611,0.029337751,0.020051931,0.017853435,0.019763115,0.018808275,0,270
"9","1-9295051-C-T","Both_LR","Both_DRGSG",0,0.049496453,0.008710065,0.029103259,0.030276168,0.018536444,0.024406306,0.008486062,0.035975658,0.02223086,0.021278808,0.022289441,0.021784125,0,160
"10","10-106131078-A-G","Both_LR","Both_DRGSG",0,0.035190504,0.009987681,0.022589093,0.025803154,0.016127824,0.020965489,0.011051802,0.026434857,0.01874333,0.017678538,0.020072166,0.018875352,0,330
"11","10-111208989-G-A","Both_LR","Both_DRGSG",0,0.0088848,0.00364573,0.006265265,0.006068879,0.006770453,0.006419666,0.003829883,0.007077059,0.005453471,0.005592147,0.007763475,0.006677811,0,1900
"12","10-125135803-C-T","Both_LR","Both_DRGSG",0,0.031335211,0.008853361,0.020094286,0.021129832,0.013404584,0.017267208,0.011174462,0.02306756,0.017121011,0.014453483,0.016781054,0.015617269,0,380
"13","10-130546038-C-T","Right_Enriched","Both_DRGSG",0,0.005306502,0.005965676,0.005636089,0.004934784,0.008256624,0.006595704,0.003406831,0.006379175,0.004893003,0.005291412,0.009821773,0.007556593,1,10000
"14","10-135101589-C-T","Both_LR","DRG_Enriched",0,0.011706764,0.003482978,0.007594871,0.007009633,0.005877211,0.006443422,0.003132521,0.009082321,0.006107421,0.005973366,0.006441279,0.006207323,0,910
"15","10-20452232-A-G","Both_LR","Both_DRGSG",0,0.036915607,0.009334228,0.023124918,0.024057127,0.015737041,0.019897084,0.007479808,0.028339954,0.017909881,0.016648658,0.019635153,0.018141906,0,280
"16","10-26075354-C-T","Both_LR","Both_DRGSG",0,0.033840531,0.009704477,0.021772504,0.023823501,0.015455585,0.019639543,0.009721883,0.025789378,0.017755631,0.015962617,0.019867896,0.017915257,0,310
"17","10-27143677-T-C","Both_LR","Both_DRGSG",0,0.043311035,0.01018819,0.026749613,0.027103867,0.018991934,0.023047901,0.010823832,0.032058206,0.021441019,0.019851838,0.02282721,0.021339524,0,210
"18","10-29538322-G-A","Both_LR","Both_DRGSG",0,0.03898237,0.009539853,0.024261112,0.022478717,0.01494505,0.018711884,0.011120472,0.028641324,0.019880898,0.015211533,0.019145472,0.017178503,0,230
"19","10-3028447-C-T","Both_LR","Both_DRGSG",0,0.035627093,0.008716575,0.022171834,0.024916721,0.015863445,0.020390083,0.00867386,0.026671159,0.01767251,0.016875491,0.020080955,0.018478223,0,260
"20","10-3311784-C-T","Both_LR","Both_DRGSG",0,0.039953537,0.010335869,0.025144703,0.024575161,0.01630836,0.020441761,0.011969088,0.029536575,0.020752832,0.016788733,0.020691994,0.018740364,0,260
"21","10-3314233-C-T","Both_LR","Both_DRGSG",0,0.036003517,0.009477876,0.022740697,0.02177272,0.015348287,0.018560504,0.01009975,0.026954345,0.018527048,0.01533275,0.019221591,0.017277171,0,250
"22","10-3871066-C-T","Both_LR","Both_DRGSG",0,0.038912513,0.011312572,0.025112543,0.025146184,0.01580172,0.020473952,0.013252119,0.029066017,0.021159068,0.017018981,0.019947685,0.018483333,0,300
"23","10-72521644-C-T","Both_LR","Both_DRGSG",0,0.035840381,0.007745624,0.021793003,0.024107071,0.015841588,0.01997433,0.009417214,0.025918265,0.01766774,0.0166401,0.019842665,0.018241383,0,260
"24","10-8735321-C-T","Both_LR","Both_DRGSG",0,0.035777517,0.009883286,0.022830402,0.022877905,0.014660899,0.018769402,0.010219349,0.027034086,0.018626718,0.015336164,0.018780785,0.017058475,0,290
"25","11-10535027-T-A","Both_LR","Both_DRGSG",0,0.020730724,0.004531825,0.012631275,0.011755677,0.006968885,0.009362281,0.004175014,0.015450028,0.009812521,0.007756031,0.008896385,0.008326208,0,380
"26","11-109172178-A-C","Both_LR","Both_DRGSG",0,0.013356057,0.006803492,0.010079775,0.009981689,0.008323035,0.009152362,0.006532736,0.011262121,0.008897429,0.007852824,0.00988248,0.008867652,0,1970
"27","11-114592179-T-G","Both_LR","Both_DRGSG",0,0.038025748,0.010404813,0.024215281,0.025022587,0.014657028,0.019839808,0.011571214,0.028429969,0.020000592,0.016532899,0.018625318,0.017579109,0,310
"28","11-121527681-C-T","Both_LR","Both_DRGSG",0,0.03772319,0.009810065,0.023766628,0.026043279,0.016086363,0.021064821,0.009642564,0.028474649,0.019058607,0.017874237,0.019915064,0.018894651,0,240
"29","11-130116435-G-A","Both_LR","Both_DRGSG",0,0.039983199,0.010615778,0.025299489,0.023430473,0.016096228,0.019763351,0.011993752,0.029734734,0.020864243,0.016392655,0.020141062,0.018266859,0,260
"30","11-13966941-G-A","Both_LR","Both_DRGSG",0,0.038647491,0.010748355,0.024697923,0.023046985,0.014320413,0.018683699,0.012500658,0.028763678,0.020632168,0.016103137,0.017417088,0.016760113,0,270
"31","11-14914084-C-G","Both_LR","Both_DRGSG",0,0.040024925,0.009623164,0.024824045,0.026785866,0.016716068,0.021750967,0.010775735,0.029506815,0.020141275,0.018854179,0.020192214,0.019523197,0,230
"32","11-1848339-C-T","Both_LR","Both_DRGSG",0,0.011072489,0.004329092,0.007700791,0.006663452,0.007679203,0.007171328,0.007744108,0.007686351,0.00771523,0.007699667,0.007045194,0.007372431,0,1530
"33","11-20657855-C-T","Both_LR","Both_DRGSG",0,0.03744128,0.008427107,0.022934194,0.025874963,0.017081726,0.021478345,0.008455402,0.027760457,0.01810793,0.018055605,0.021189013,0.019622309,0,240
"34","11-26966799-AC-A","Both_LR","Both_DRGSG",0,0.034810623,0.010317393,0.022564008,0.022402353,0.01438314,0.018392747,0.010666027,0.026530002,0.018598015,0.015584763,0.01775272,0.016668742,0,300
"35","11-29307661-C-T","Both_LR","Both_DRGSG",0,0.029526772,0.007789523,0.018658148,0.01853742,0.01398197,0.016259695,0.008081428,0.022183721,0.015132575,0.013655539,0.017106958,0.015381249,0,310
"36","11-63885385-C-T","Left_Specific","Both_DRGSG",0,0.000914432,0.00142276,0.001168596,0.003550424,0.003120821,0.003335623,0.001775239,0.000966381,0.00137081,0.005298272,0.000765641,0.003031957,1,10000
"37","11-66385688-T-C","Both_LR","Both_DRGSG",0,0.008679995,0.01012473,0.009402363,0.008400866,0.008594722,0.008497794,0.014000371,0.007869693,0.010935032,0.009846248,0.006976576,0.008411412,1,10000
"38","11-66410468-G-T","Both_LR","Both_DRGSG",0,0.042471144,0.036200413,0.039335779,0.030022422,0.03428583,0.032154126,0.0191139,0.046076405,0.032595153,0.02566498,0.042072806,0.033868893,0,7410
"39","11-67353963-G-A","Both_LR","Both_DRGSG",0,0.044565687,0.010551598,0.027558643,0.027722087,0.016918885,0.022320486,0.011609333,0.032875079,0.022242206,0.018449573,0.021563981,0.020006777,0,200
"40","11-73972879-T-A","Both_LR","DRG_Enriched",0,0.007512161,0.006310499,0.00691133,0.0074719,0.004234832,0.005853366,0.006383855,0.007087155,0.006735505,0.005556424,0.004591163,0.005073794,1,10000
"41","11-75977501-C-A","Both_LR","Both_DRGSG",0,0.040259369,0.010627374,0.025443372,0.026457049,0.016218926,0.021337988,0.010749952,0.030341178,0.020545565,0.017375681,0.020973694,0.019174688,0,260
"42","11-78885004-G-A","Both_LR","Both_DRGSG",0,0.03489955,0.008796761,0.021848156,0.023178913,0.014755727,0.01896732,0.008338561,0.026351354,0.017344958,0.015575586,0.018825808,0.017200697,0,260
"43","11-8115675-G-T","Both_LR","Both_DRGSG",0,0.040082886,0.009836499,0.024959693,0.02540804,0.015782947,0.020595494,0.01161248,0.029408764,0.020510622,0.017578181,0.019403721,0.018490951,0,230
"44","11-83278089-G-A","Both_LR","Both_DRGSG",0,0.038695522,0.009987285,0.024341404,0.025141973,0.016353331,0.020747652,0.010195675,0.029056646,0.019626161,0.017337327,0.020445722,0.018891525,0,270
"45","11-91046342-A-G","Both_LR","Both_DRGSG",0,0.033358857,0.010167528,0.021763193,0.021593787,0.014116603,0.017855195,0.009740899,0.025770624,0.017755762,0.015131858,0.017384606,0.016258232,0,310
"46","12-107298180-G-T","Both_LR","Both_DRGSG",0,0.037290957,0.008245409,0.022768183,0.024687435,0.015839713,0.020263574,0.00885335,0.02740646,0.018129905,0.017497384,0.019159141,0.018328263,0,240
"47","12-109200970-C-T","Both_LR","Both_DRGSG",0,0.039256816,0.008565707,0.023911262,0.02636364,0.016542392,0.021453016,0.008987207,0.028885947,0.018936577,0.017721813,0.021019836,0.019370825,0,230
"48","12-114926084-C-T","Both_LR","Both_DRGSG",0,0.036419341,0.009682724,0.023051033,0.023469209,0.01480232,0.019135765,0.011118456,0.027028558,0.019073507,0.016032048,0.01852678,0.017279414,0,250
"49","12-128986439-C-T","Both_LR","Both_DRGSG",0,0.034604424,0.010038913,0.022321669,0.024838556,0.015510226,0.020174391,0.010736576,0.026183366,0.018459971,0.016525402,0.019889013,0.018207208,0,300
"50","12-130799530-A-G","Both_LR","Both_DRGSG",0,0.038601454,0.010869829,0.024735642,0.026058932,0.015931778,0.020995355,0.010561852,0.029460238,0.020011045,0.017898568,0.019647924,0.018773246,0,270
"51","12-132328939-G-A","Left_Enriched","SG_Enriched",0,0.003664669,0.006810818,0.005237744,0.002647972,0.004656368,0.00365217,0.00799214,0.004319611,0.006155876,0.005267237,0.002718287,0.003992762,0,4550
"52","12-22747249-G-A","Right_Enriched","Both_DRGSG",0,0.002687303,0.006790393,0.004738848,0.00356484,0.004517872,0.004041356,0.002556065,0.005466442,0.004011254,0.002028039,0.006933853,0.004480946,0,2500
"53","12-33561569-T-C","Both_LR","Both_DRGSG",0,0.034219694,0.01046972,0.022344707,0.024309628,0.015428001,0.019868815,0.010311953,0.026355625,0.018333789,0.016680333,0.019254178,0.017967256,0,340
"54","12-5171108-G-A","Right_Enriched","Both_DRGSG",0,0.008395331,0.008678958,0.008537145,0.007584814,0.004235803,0.005910309,0.005679457,0.009489707,0.007584582,0.001779313,0.009192998,0.005486156,1,10000
"55","12-71439940-C-T","Both_LR","Both_DRGSG",0,0.034942755,0.010973842,0.022958299,0.02199199,0.014234693,0.018113342,0.010304348,0.027176282,0.018740315,0.014841404,0.018161017,0.016501211,0,370
"56","12-81106819-C-T","Both_LR","Both_DRGSG",0,0.034968145,0.010425688,0.022696917,0.022752556,0.015116197,0.018934377,0.011273195,0.026504824,0.01888901,0.016185065,0.018415371,0.017300218,0,340
"57","12-82494020-T-C","Both_LR","Both_DRGSG",0,0.036020003,0.009867793,0.022943898,0.022589682,0.01476366,0.018676671,0.010542651,0.027077647,0.018810149,0.015568765,0.018493148,0.017030957,0,290
"58","12-84155318-G-T","Both_LR","Both_DRGSG",0,0.032461671,0.00922469,0.020843181,0.021649505,0.014461362,0.018055434,0.008894292,0.024826143,0.016860218,0.014557849,0.018658462,0.016608156,0,320
"59","13-102569167-G-A","Left_Enriched","SG_Enriched",0,0.004685483,0.013357352,0.009021418,0.004445862,0.006409259,0.005427561,0.014887744,0.007065975,0.01097686,0.007815847,0.003543315,0.005679581,0,1080
"60","13-105027432-A-T","Both_LR","DRG_Enriched",0,0.011204699,0.008072109,0.009638404,0.010660667,0.006775687,0.008718177,0.008418199,0.010045139,0.009231669,0.008435935,0.007114377,0.007775156,0,8070
"61","13-107318348-C-T","Both_LR","Both_DRGSG",0,0.015629409,0.017247391,0.0164384,0.015737832,0.014778901,0.015258367,0.016929841,0.016274586,0.016602214,0.015027053,0.015056477,0.015041765,1,10000
"62","13-108012598-T-C","Both_LR","Both_DRGSG",0,0.034097927,0.010347283,0.022222605,0.023177951,0.015095515,0.019136733,0.010830319,0.026020034,0.018425177,0.015908493,0.018969403,0.017438948,0,340
"63","13-111933674-C-T","Left_Enriched","SG_Enriched",0,0.001059627,0.002441556,0.001750592,0.003315879,0.00375071,0.003533295,0.001694973,0.001769131,0.001732052,0.005135542,0.001828013,0.003481778,0,7940
"64","13-113156255-C-G","Right_Specific","DRG_Enriched",0,0.005161392,0.001366093,0.003263743,0.002944471,0.002004277,0.002474374,0.000729165,0.004108601,0.002418883,0.001854798,0.002747768,0.002301283,0,2080
"65","13-21421763-G-A","Both_LR","Both_DRGSG",0,0.010966721,0.005143541,0.008055131,0.002422365,0.004549049,0.003485707,0.004377762,0.009280921,0.006829342,0.003358444,0.004701765,0.004030105,0,2080
"66","13-23816675-G-A","Both_LR","Both_DRGSG",0,0.036294375,0.010034558,0.023164467,0.024655876,0.016001451,0.020328664,0.008581759,0.028025369,0.018303564,0.017402244,0.019513155,0.0184577,0,290
"67","13-26484755-G-T","Both_LR","Both_DRGSG",0,0.036530965,0.007918448,0.022224707,0.024118171,0.015188525,0.019653348,0.008016388,0.026960813,0.017488601,0.016700995,0.018731349,0.017716172,0,210
"68","13-42185027-C-T","Both_LR","Both_DRGSG",0,0.036713105,0.011254313,0.023983709,0.024991064,0.014654504,0.019822784,0.012563394,0.027790481,0.020176938,0.016092931,0.019130328,0.01761163,0,320
"69","13-53434904-C-T","Both_LR","Both_DRGSG",0,0.040674028,0.009300074,0.024987051,0.027230773,0.015967138,0.021598956,0.008188152,0.030586684,0.019387418,0.017953683,0.020341466,0.019147575,0,190
"70","13-79069927-G-A","Both_LR","Both_DRGSG",0,0.037973418,0.008418184,0.023195801,0.022697937,0.014143712,0.018420825,0.00960836,0.027724948,0.018666654,0.015507413,0.017639805,0.016573609,0,240
"71","14-24976982-C-T","Both_LR","Both_DRGSG",0,0.035051068,0.010059305,0.022555187,0.024219207,0.01481801,0.019518609,0.010326679,0.026631356,0.018479018,0.016121722,0.018894274,0.017507998,0,300
"72","14-26088020-C-T","Both_LR","Both_DRGSG",0,0.029212599,0.006180593,0.017696596,0.017547861,0.011700652,0.014624257,0.005696634,0.021696584,0.013696609,0.012260053,0.014537697,0.013398875,0,270
"73","14-26388600-G-A","Both_LR","Both_DRGSG",0,0.0288723,0.007540191,0.018206246,0.019314071,0.012120727,0.015717399,0.007923712,0.021633757,0.014778735,0.013440527,0.014852973,0.01414675,0,360
"74","14-36962023-A-G","Both_LR","Both_DRGSG",0,0.038046262,0.01226516,0.025155711,0.023249909,0.014951179,0.019100544,0.012085672,0.029512391,0.020799032,0.015359639,0.019440265,0.017399952,0,340
"75","14-45100750-G-A","Both_LR","DRG_Enriched",0,0.007971806,0.008665787,0.008318797,0.009320879,0.006401386,0.007861133,0.008415243,0.008286648,0.008350946,0.007289441,0.007087416,0.007188429,1,10000
"76","14-62937917-G-T","Both_LR","Both_DRGSG",0,0.03581527,0.0099992,0.022907235,0.022520113,0.014614164,0.018567139,0.008909929,0.027573004,0.018241467,0.015671944,0.018088398,0.016880171,0,290
"77","14-70032323-C-T","Both_LR","Both_DRGSG",0,0.03894628,0.010131385,0.024538833,0.02590761,0.016777611,0.021342611,0.011787146,0.028789395,0.020288271,0.017347823,0.021571355,0.019459589,0,270
"78","14-76224760-A-G","Both_LR","Both_DRGSG",0,0.033704067,0.046124987,0.039914527,0.049800529,0.039956316,0.044878423,0.056316905,0.034447068,0.045381987,0.0527301,0.030534303,0.041632202,0,1990
"79","14-78623961-C-T","Both_LR","Both_DRGSG",0,0.037719347,0.008454914,0.023087131,0.024077,0.015460529,0.019768765,0.009510094,0.027612809,0.018561452,0.016918534,0.018880805,0.01789967,0,240
"80","14-79829728-T-A","Both_LR","Both_DRGSG",0,0.034808384,0.009707433,0.022257909,0.024075015,0.01536624,0.019720628,0.009981349,0.026350095,0.018165722,0.016214355,0.019573767,0.017894061,0,300
"81","14-83555369-C-T","Both_LR","Both_DRGSG",0,0.033724582,0.008370529,0.021047556,0.021026615,0.014053939,0.017540277,0.007918617,0.025423868,0.016671243,0.014919583,0.017198772,0.016059178,0,270
"82","14-95510060-T-C","Both_LR","Both_DRGSG",0,0.041130217,0.011641559,0.026385888,0.026892682,0.01633816,0.021615421,0.011836879,0.031235557,0.021536218,0.017533082,0.021236966,0.019385024,0,250
"83","14-97406359-G-A","Left_Enriched","SG_Enriched",0,0.003644455,0.010160324,0.00690239,0.004184106,0.009638083,0.006911095,0.013716693,0.004630955,0.009173824,0.010369636,0.005487833,0.007928735,0,1420
"84","15-26439970-G-A","Left_Enriched","SG_Enriched",0,0.003019956,0.0055386,0.004279278,0.003155817,0.005245389,0.004200603,0.009416623,0.002566829,0.005991726,0.005630154,0.003529928,0.004580041,0,5810
"85","15-28247521-G-A","Both_LR","Both_DRGSG",0,0.039520882,0.011441503,0.025481193,0.026229445,0.016145851,0.021187648,0.010912388,0.03033746,0.020624924,0.017955496,0.020024434,0.018989965,0,260
"86","15-39039068-G-A","Both_LR","Both_DRGSG",0,0.036368903,0.009131322,0.022750113,0.020819517,0.015316705,0.018068111,0.008480284,0.027506722,0.017993503,0.01546919,0.018435411,0.016952301,0,250
"87","15-45660313-C-T","Both_LR","Both_DRGSG",0,0.037401045,0.009237333,0.023319189,0.023617487,0.016649308,0.020133398,0.009685695,0.027863687,0.018774691,0.016904685,0.020523763,0.018714224,0,240
"88","15-50060383-TG-T","Both_LR","Both_DRGSG",0,0.035051733,0.009948345,0.022500039,0.019232143,0.015084263,0.017158203,0.010080127,0.02664001,0.018360069,0.014589335,0.018166906,0.016378121,0,300
"89","15-51404483-G-A","Both_LR","Both_DRGSG",0,0.037810672,0.008589729,0.023200201,0.025406731,0.015451943,0.020429337,0.008486858,0.028104648,0.018295753,0.016679996,0.019951152,0.018315574,0,240
"90","15-54326049-C-T","Both_LR","Both_DRGSG",0,0.035044092,0.008792334,0.021918213,0.02219886,0.014885385,0.018542123,0.008192535,0.026493439,0.017342987,0.015118882,0.018993273,0.017056078,0,260
"91","15-57393743-C-T","Both_LR","Both_DRGSG",0,0.019481167,0.009008519,0.014244843,0.020930376,0.014281942,0.017606159,0.009336758,0.015880871,0.012608815,0.019540071,0.011961247,0.015750659,0,1110
"92","15-60634057-C-A","Both_LR","Both_DRGSG",0,0.035738406,0.008485943,0.022112175,0.023768039,0.01534201,0.019555025,0.010012907,0.026145264,0.018079086,0.016015047,0.019589983,0.017802515,0,260
"93","15-62240240-T-A","Both_LR","Both_DRGSG",0,0.038939251,0.053481728,0.04621049,0.061308174,0.056894274,0.059101224,0.071441979,0.037799994,0.054620987,0.07664173,0.035845667,0.056243699,0,1720
"94","15-63125248-C-T","Both_LR","Both_DRGSG",0,0.040837966,0.008574368,0.024706167,0.024437108,0.015400796,0.019918952,0.00963283,0.029730613,0.019681722,0.016413913,0.019606844,0.018010379,0,190
"95","15-67136556-G-C","Both_LR","Both_DRGSG",0,0.040733901,0.010153831,0.025443866,0.027893857,0.017114988,0.022504423,0.011382758,0.030130902,0.02075683,0.017923947,0.022611558,0.020267753,0,220
"96","15-79900514-A-G","Both_LR","Both_DRGSG",0,0.037866332,0.008024808,0.02294557,0.026221182,0.015232466,0.020726824,0.008941756,0.027613508,0.018277632,0.017709487,0.01885327,0.018281379,0,240
"97","15-86090947-T-A","Both_LR","DRG_Enriched",0,0.00523997,0.005085886,0.005162928,0.004612218,0.003913114,0.004262666,0.004851613,0.0052667,0.005059157,0.004319158,0.003845324,0.004082241,1,10000
"98","15-93789383-AG-A","Both_LR","Both_DRGSG",0,0.042815184,0.009729936,0.02627256,0.026129847,0.017124767,0.021627307,0.010427697,0.031554181,0.020990939,0.018428837,0.020962931,0.019695884,0,180
"99","16-14314380-T-C","Both_LR","Both_DRGSG",0,0.037158315,0.010891021,0.024024668,0.027257654,0.017558303,0.022407979,0.012385074,0.027904532,0.020144803,0.018929156,0.021732889,0.020331023,0,280
"100","16-14627732-A-C","Both_LR","Both_DRGSG",0,0.039009513,0.010607086,0.0248083,0.02696697,0.016864154,0.021915562,0.01163035,0.029200949,0.02041565,0.018750408,0.020662339,0.019706374,0,230
"101","16-22685928-A-G","Both_LR","Both_DRGSG",0,0.255445371,0.25870916,0.257077266,0.258059479,0.261639721,0.2598496,0.263169033,0.255046676,0.259107855,0.261392374,0.259788393,0.260590384,1,10000
"102","16-22696837-G-A","Both_LR","Both_DRGSG",0,0.242455901,0.241167895,0.241811898,0.243495209,0.237667833,0.240581521,0.238113825,0.243044589,0.240579207,0.237906877,0.240877406,0.239392142,1,10000
"103","16-23203368-G-A","Both_LR","Both_DRGSG",0,0.018959838,0.019914456,0.019437147,0.025409666,0.019900346,0.022655006,0.027521666,0.016742307,0.022131987,0.025941146,0.015956978,0.020949062,1,10000
"104","16-25382923-A-G","Both_LR","Both_DRGSG",0,0.038125341,0.00961028,0.023867811,0.026186295,0.015386069,0.020786182,0.009069272,0.028800656,0.018934964,0.01625941,0.020818195,0.018538803,0,240
"105","16-34720856-C-T","Both_LR","Both_DRGSG",0,0.330438963,0.32958024,0.330009602,0.334520839,0.335889211,0.335205025,0.331935048,0.329367786,0.330651417,0.336528976,0.33430047,0.335414723,1,10000
"106","16-51460982-G-A","Both_LR","Both_DRGSG",0,0.031525212,0.009246265,0.020385739,0.022687574,0.015146178,0.018916876,0.010407235,0.023711906,0.017059571,0.016149739,0.018466742,0.017308241,0,330
"107","16-51621876-G-A","Both_LR","Both_DRGSG",0,0.035969606,0.009349464,0.022659535,0.022682805,0.014559571,0.018621188,0.007837745,0.027600132,0.017718939,0.015859264,0.017873879,0.016866572,0,250
"108","16-51793680-G-C","Both_LR","Both_DRGSG",0,0.030924161,0.008599784,0.019761973,0.021600791,0.013494737,0.017547764,0.007568475,0.023826471,0.015697473,0.014186728,0.01752798,0.015857354,0,340
"109","16-77099490-G-A","Both_LR","Both_DRGSG",0,0.009019379,0.011533876,0.010276628,0.012357368,0.009895553,0.011126461,0.014452906,0.008884535,0.011668721,0.014668613,0.005644969,0.010156791,1,10000
"110","16-88997729-G-A","Both_LR","Both_DRGSG",0,0.045087467,0.008626863,0.026857165,0.030656822,0.018265619,0.024461221,0.008469982,0.032986226,0.020728104,0.020244617,0.023325543,0.02178508,0,170
"111","17-10909387-G-A","Both_LR","Both_DRGSG",0,0.022466893,0.005157261,0.013812077,0.013709576,0.009237237,0.011473407,0.004809425,0.016812961,0.010811193,0.009776108,0.011273995,0.010525052,0,350
"112","17-39685464-C-A","Both_LR","Both_DRGSG",0,0.345513839,0.347729851,0.346621845,0.339839173,0.342793877,0.341316525,0.342499543,0.347995946,0.345247745,0.343286363,0.340430072,0.341858218,1,10000
"113","17-53593284-G-A","Left_Enriched","SG_Enriched",0,0.002273695,0.006208671,0.004241183,0.00641552,0.00632597,0.006370745,0.008711862,0.002750957,0.00573141,0.008689914,0.003542966,0.00611644,0,2340
"114","17-56283856-G-A","Both_LR","Both_DRGSG",0,0.04100622,0.007996681,0.024501451,0.024029026,0.015437625,0.019733326,0.009417843,0.02952932,0.019473582,0.016677387,0.019104751,0.017891069,0,190
"115","17-6978538-G-A","Both_LR","Both_DRGSG",0,0.041854039,0.009091243,0.025472641,0.022301385,0.020759625,0.021530505,0.009036145,0.030951473,0.019993809,0.020691219,0.021766768,0.021228994,0,220
"116","17-71704722-C-A","Both_LR","Both_DRGSG",0,0.034960233,0.010894108,0.022927171,0.02383765,0.015165999,0.019501825,0.010588069,0.027040204,0.018814137,0.016912307,0.01827342,0.017592864,0,370
"117","17-7924395-C-T","Both_LR","Both_DRGSG",0,0.039781886,0.010844139,0.025313013,0.028463397,0.018542741,0.023503069,0.012283006,0.029656348,0.020969677,0.019490383,0.023357964,0.021424174,0,260
"118","18-60436231-T-A","Both_LR","Both_DRGSG",0,0.031134153,0.008893195,0.020013674,0.023965004,0.014518505,0.019241755,0.006728175,0.024442174,0.015585175,0.016668768,0.017606089,0.017137429,0,380
"119","18-66372032-A-T","Both_LR","Both_DRGSG",0,0.034968494,0.008337314,0.021652904,0.022328764,0.014204459,0.018266612,0.007614654,0.026332321,0.016973488,0.015591417,0.017414693,0.016503055,0,260
"120","18-69940877-G-T","Both_LR","Both_DRGSG",0,0.02956023,0.010259569,0.0199099,0.02040951,0.014411625,0.017410568,0.011537569,0.022700677,0.017119123,0.015838866,0.016297667,0.016068267,0,440
"121","18-70605170-C-T","Both_LR","DRG_Enriched",0,0.015705685,0.003822565,0.009764125,0.009291728,0.006460807,0.007876268,0.003801303,0.011751732,0.007776518,0.006686212,0.007888874,0.007287543,0,600
"122","18-73366562-A-C","Both_LR","Both_DRGSG",0,0.034898566,0.007732419,0.021315493,0.02077278,0.014881548,0.017827164,0.007128252,0.026044573,0.016586413,0.015177017,0.018061725,0.016619371,0,260
"123","18-74102617-G-A","Both_LR","Both_DRGSG",0,0.008259514,0.007135614,0.007697564,0.007114418,0.007104666,0.007109542,0.007774677,0.007671859,0.007723268,0.006672846,0.007628701,0.007150774,1,10000
"124","18-76139552-A-G","Both_LR","Both_DRGSG",0,0.038169586,0.010375424,0.024272505,0.025089355,0.016041824,0.02056559,0.00997525,0.029038257,0.019506754,0.017357145,0.019891957,0.018624551,0,270
"125","19-38697743-G-A","Both_LR","Both_DRGSG",0,0.015428391,0.010745758,0.013087075,0.008787411,0.010543489,0.00966545,0.012041506,0.013435598,0.012738552,0.012287163,0.007397433,0.009842298,0,4800
"126","19-48306282-G-A","Both_LR","Both_DRGSG",0,0.039499407,0.011111441,0.025305424,0.026451917,0.021882067,0.024166992,0.012300352,0.029640448,0.0209704,0.020876604,0.025830532,0.023353568,0,260
"127","19-5451750-C-T","Both_LR","Both_DRGSG",0,0.046347997,0.011756011,0.029052004,0.031664156,0.018264458,0.024964307,0.012779879,0.034476046,0.023627963,0.020315608,0.023842897,0.022079253,0,220
"128","2-117940821-C-A","Both_LR","Both_DRGSG",0,0.036602712,0.009211887,0.0229073,0.023111415,0.01503131,0.019071363,0.010149758,0.027159813,0.018654786,0.016148893,0.018538272,0.017343583,0,250
"129","2-138161738-C-T","Both_LR","Both_DRGSG",0,0.032421303,0.010699715,0.021560509,0.021847929,0.014299392,0.018073661,0.010203422,0.025346205,0.017774814,0.014921979,0.018081411,0.016501695,0,360
"130","2-15224678-T-C","Both_LR","Both_DRGSG",0,0.037344113,0.010514539,0.023929326,0.025058368,0.01637907,0.020718719,0.010408076,0.028436409,0.019422243,0.017394096,0.020368619,0.018881358,0,280
"131","2-161237788-G-C","Both_LR","DRG_Enriched",0,0.009924839,0.009012874,0.009468857,0.009490541,0.008310193,0.008900367,0.009883069,0.009330785,0.009606927,0.008581876,0.008692381,0.008637129,1,10000
"132","2-164972154-A-G","Both_LR","Both_DRGSG",0,0.032291778,0.010330997,0.021311388,0.022354051,0.014022765,0.018188408,0.010564048,0.024893834,0.017728941,0.01510878,0.017718318,0.016413549,0,360
"133","2-176150728-A-G","Both_LR","Both_DRGSG",0,0.033204139,0.008954151,0.021079145,0.021440587,0.013244353,0.01734247,0.008096773,0.025406602,0.016751688,0.015398629,0.015576962,0.015487796,0,320
"134","2-194436218-T-C","Both_LR","Both_DRGSG",0,0.033945574,0.010476285,0.02221093,0.024281005,0.015687582,0.019984294,0.011711192,0.025710841,0.018711017,0.016598566,0.019750454,0.01817451,0,350
"135","2-198085308-A-G","Both_LR","Both_DRGSG",0,0.037167466,0.011166068,0.024166767,0.025986027,0.016220845,0.021103436,0.011800571,0.028288832,0.020044702,0.017444578,0.020611474,0.019028026,0,320
"136","2-198349585-T-G","Both_LR","Both_DRGSG",0,0.044122613,0.01011277,0.027117692,0.028977533,0.01828589,0.023631712,0.011191716,0.03242635,0.021809033,0.02096386,0.021487311,0.021225586,0,210
"137","2-221606522-G-T","Both_LR","Both_DRGSG",0,0.030880392,0.007704253,0.019292323,0.02191969,0.013211345,0.017565518,0.008485238,0.022894684,0.015689961,0.014979405,0.01631468,0.015647043,0,300
"138","2-23014973-A-G","Both_LR","DRG_Enriched",0,0.004868535,0.004719689,0.004794112,0.005189797,0.003906055,0.004547926,0.003711555,0.005154964,0.00443326,0.004489369,0.003976324,0.004232847,1,10000
"139","2-233106760-T-C","Both_LR","Both_DRGSG",0,0.038662962,0.012193127,0.025428045,0.022666135,0.016193243,0.019429689,0.013120765,0.029530471,0.021325618,0.017195271,0.018874544,0.018034908,0,300
"140","2-40682593-C-A","Both_LR","Both_DRGSG",0,0.034611856,0.010380395,0.022496126,0.023647239,0.015787246,0.019717243,0.009910927,0.026691192,0.01830106,0.017301877,0.018685683,0.01799378,0,300
"141","2-46372609-G-A","Both_LR","Both_DRGSG",0,0.037782758,0.0096824,0.023732579,0.027353486,0.016352102,0.021852794,0.009812123,0.028372731,0.019092427,0.018505463,0.020368899,0.019437181,0,240
"142","2-50559768-C-T","Both_LR","Both_DRGSG",0,0.032356957,0.008598287,0.020477622,0.021439417,0.013802296,0.017620857,0.00792902,0.024660489,0.016294755,0.014790151,0.017199142,0.015994647,0,280
"143","2-56940467-A-G","Both_LR","Both_DRGSG",0,0.033279289,0.0099307,0.021604995,0.021178505,0.014087409,0.017632957,0.01091581,0.025168056,0.018041933,0.014583024,0.017747328,0.016165176,0,350
"144","2-59014925-C-T","Both_LR","Both_DRGSG",0,0.016998135,0.021184137,0.019091136,0.018748541,0.018804825,0.018776683,0.036467386,0.013299053,0.02488322,0.025129198,0.011181807,0.018155503,0,8580
"145","2-63223322-T-C","Both_LR","Both_DRGSG",0,0.037393545,0.009358544,0.023376045,0.023571522,0.015455871,0.019513697,0.009375914,0.028042755,0.018709335,0.015761781,0.01995817,0.017859976,0,240
"146","2-71008116-G-C","Both_LR","Both_DRGSG",0,0.035779313,0.007015008,0.021397161,0.022956819,0.015138206,0.019047513,0.005234626,0.026784672,0.016009649,0.015934122,0.018874274,0.017404198,0,220
"147","2-89881262-G-C","Both_LR","Both_DRGSG",0,0.250818006,0.252978338,0.251898172,0.250110574,0.250596213,0.250353394,0.259527428,0.249355087,0.254441258,0.251149045,0.249641432,0.250395239,1,10000
"148","20-1055107-C-T","Both_LR","Both_DRGSG",0,0.040308963,0.011588859,0.025948911,0.026250285,0.015397953,0.020824119,0.011804188,0.030663818,0.021234003,0.017367057,0.019546428,0.018456743,0,290
"149","20-13084205-G-T","Both_LR","Both_DRGSG",0,0.034560388,0.009998934,0.022279661,0.023409141,0.014805009,0.019107075,0.009177573,0.026647024,0.017912299,0.015149944,0.019553566,0.017351755,0,300
"150","20-40736217-A-G","Both_LR","Both_DRGSG",0,0.033707155,0.009735999,0.021721577,0.023610733,0.015473391,0.019542062,0.010037622,0.025616229,0.017826926,0.015462215,0.020369207,0.017915711,0,310
"151","20-57351371-C-T","Both_LR","Both_DRGSG",0,0.036276451,0.009241759,0.022759105,0.02546133,0.01624191,0.02085162,0.012048753,0.026329222,0.019188988,0.016858283,0.021033914,0.018946099,0,250
"152","20-59931975-C-T","Both_LR","Both_DRGSG",0,0.039794531,0.009724715,0.024759623,0.02491408,0.015341968,0.020128024,0.010050459,0.029662678,0.019856569,0.016871157,0.019250209,0.018060683,0,230
"153","20-6027587-C-G","Both_LR","Both_DRGSG",0,0.036659241,0.011844869,0.024252055,0.02520839,0.015902548,0.020555469,0.010920559,0.028695887,0.019808223,0.017220414,0.019904614,0.018562514,0,350
"154","21-26628014-G-T","Both_LR","Both_DRGSG",0,0.035343469,0.009887333,0.022615401,0.022176419,0.013450543,0.017813481,0.009908084,0.026851173,0.018379629,0.015175295,0.016616366,0.015895831,0,330
"155","21-32223069-G-A","Both_LR","Both_DRGSG",0,0.015588127,0.004238913,0.00991352,0.010383978,0.006254772,0.008319375,0.004224406,0.011809891,0.008017149,0.006639034,0.008271182,0.007455108,0,680
"156","21-42110874-C-A","Both_LR","DRG_Enriched",0,0.007971581,0.002549064,0.005260323,0.006380237,0.003556938,0.004968588,0.002283329,0.006252654,0.004267992,0.004188066,0.004493563,0.004340815,0,1500
"157","22-22537847-C-T","Left_Enriched","Both_DRGSG",0,0.001878687,0.002523778,0.002201233,0.005436631,0.004399301,0.004917966,0.003552437,0.001750831,0.002651634,0.006549181,0.002441844,0.004495513,1,10000
"158","22-41902016-G-A","Both_LR","Both_DRGSG",0,0.017569207,0.017423312,0.01749626,0.023590401,0.018263325,0.020926863,0.019439393,0.016848548,0.018143971,0.022334697,0.016573925,0.019454311,1,10000
"159","22-49868223-C-T","Both_LR","Both_DRGSG",0,0.037307868,0.010056897,0.023682383,0.022943049,0.01450849,0.01872577,0.009737439,0.028330697,0.019034068,0.015553178,0.018315599,0.016934389,0,240
"160","3-117136547-T-C","Both_LR","Both_DRGSG",0,0.037049238,0.010755165,0.023902202,0.024940647,0.015821959,0.020381303,0.010918308,0.028230166,0.019574237,0.016439685,0.020551901,0.018495793,0,280
"161","3-119666094-C-A","Both_LR","Both_DRGSG",0,0.036651461,0.010990131,0.023820796,0.024344586,0.015099828,0.019722207,0.011357113,0.027975357,0.019666235,0.016170973,0.019361308,0.017766141,0,280
"162","3-119964074-C-T","Both_LR","Both_DRGSG",0,0.007179464,0.005947816,0.00656364,0.006959024,0.005932101,0.006445563,0.006652108,0.006534151,0.00659313,0.006051814,0.006404599,0.006228207,1,10000
"163","3-122701386-T-G","Both_LR","Both_DRGSG",0,0.039423857,0.01060406,0.025013959,0.023613576,0.016325795,0.019969686,0.011690453,0.029455127,0.02057279,0.017032159,0.019850826,0.018441493,0,260
"164","3-1385093-A-T","Both_LR","Both_DRGSG",0,0.034362067,0.008633431,0.021497749,0.023278028,0.013609712,0.01844387,0.008807106,0.025727964,0.017267535,0.01522984,0.017466549,0.016348195,0,300
"165","3-139814705-G-T","Both_LR","Both_DRGSG",0,0.032716279,0.009247052,0.020981666,0.024025375,0.014550248,0.019287812,0.009635517,0.024763715,0.017199616,0.016040512,0.018447008,0.01724376,0,320
"166","3-151339892-T-C","Both_LR","Both_DRGSG",0,0.034944263,0.009743069,0.022343666,0.024820679,0.015858546,0.020339613,0.010832452,0.026180737,0.018506595,0.016655875,0.020279031,0.018467453,0,300
"167","3-160186754-C-T","Both_LR","Both_DRGSG",0,0.037401048,0.010904139,0.024152594,0.023603076,0.014430871,0.019016974,0.010944516,0.028555286,0.019749901,0.016181917,0.017832938,0.017007428,0,310
"168","3-168916047-A-C","Both_LR","Both_DRGSG",0,0.039467051,0.010291255,0.024879153,0.023309154,0.01507517,0.019192162,0.011112834,0.029467926,0.02029038,0.015476667,0.019533764,0.017505216,0,230
"169","3-179572408-G-A","Both_LR","Both_DRGSG",0,0.03140949,0.008222599,0.019816045,0.018994308,0.013228271,0.01611129,0.009675845,0.023196111,0.016435978,0.013968975,0.015799048,0.014884012,0,290
"170","3-1945823-G-A","Both_LR","Both_DRGSG",0,0.034078225,0.009656257,0.021867241,0.023237007,0.01532373,0.019280369,0.010208271,0.025753564,0.017980918,0.015724516,0.019590752,0.017657634,0,310
"171","3-196387120-C-T","Both_LR","Both_DRGSG",0,0.042422888,0.009966136,0.026194512,0.031346322,0.01884015,0.025093236,0.011344579,0.03114449,0.021244535,0.021504762,0.023146319,0.022325541,0,210
"172","3-21463279-C-T","Both_LR","Both_DRGSG",0,0.032737292,0.009614429,0.021175861,0.02008398,0.013230654,0.016657317,0.009691095,0.025004116,0.017347606,0.014444269,0.015886312,0.015165291,0,320
"173","3-26731930-T-C","Both_LR","Both_DRGSG",0,0.05389,0.073865583,0.063877792,0.059293199,0.068862542,0.064077871,0.097477609,0.052677852,0.075077731,0.074798087,0.055998282,0.065398185,0,1190
"174","3-45504441-G-C","Both_LR","Both_DRGSG",0,0.040013536,0.009001872,0.024507704,0.025840642,0.01608474,0.020962691,0.009019307,0.029670503,0.019344905,0.017365757,0.020401061,0.018883409,0,190
"175","3-54864882-C-T","Both_LR","Both_DRGSG",0,0.093428122,0.082934927,0.088181525,0.113990726,0.101303174,0.10764695,0.086167432,0.088852889,0.087510161,0.105884038,0.103418669,0.104651354,0,5330
"176","3-55070858-C-T","Both_LR","Both_DRGSG",0,0.016727229,0.018636356,0.017681793,0.017031072,0.014302084,0.015666578,0.017608974,0.017706065,0.01765752,0.015919909,0.013998087,0.014958998,1,10000
"177","3-66312818-G-A","Both_LR","Both_DRGSG",0,0.015410657,0.003364754,0.009387706,0.010313746,0.006800828,0.008557287,0.002613715,0.011645702,0.007129709,0.007260805,0.008356606,0.007808706,0,520
"178","3-74090623-G-A","Both_LR","Both_DRGSG",0,0.032438222,0.010410717,0.02142447,0.021353326,0.015035253,0.01819429,0.013357127,0.024113584,0.018735356,0.015490268,0.018280078,0.016885173,0,360
"179","3-74560495-A-G","Both_LR","Both_DRGSG",0,0.036896807,0.008304843,0.022600825,0.021964935,0.014887423,0.018426179,0.008220485,0.027394272,0.017807379,0.015407811,0.018509465,0.016958638,0,210
"180","3-89499520-G-A","Both_LR","Both_DRGSG",0,0.035361006,0.009953714,0.02265736,0.021235802,0.01468526,0.017960531,0.009774329,0.026951704,0.018363017,0.015573824,0.017549308,0.016561566,0,330
"181","4-10192697-T-C","Left_Enriched","DRG_Enriched",0,0.006089388,0.003954267,0.005021828,0.006413101,0.003614752,0.005013927,0.002620558,0.00582225,0.004221404,0.005293121,0.003279718,0.00428642,0,9140
"182","4-129401968-A-G","Both_LR","Both_DRGSG",0,0.037889978,0.010690022,0.02429,0.026286126,0.01660326,0.021444693,0.011162835,0.028665722,0.019914279,0.017811941,0.020962561,0.019387251,0,310
"183","4-129475240-T-C","Both_LR","Both_DRGSG",0,0.038369316,0.009656232,0.024012774,0.025991892,0.016241836,0.021116864,0.008614532,0.029145521,0.018880027,0.017707181,0.020333457,0.019020319,0,270
"184","4-130479400-A-T","Both_LR","Both_DRGSG",0,0.005100273,0.005160707,0.00513049,0.00512382,0.005185335,0.005154578,0.005526576,0.004998461,0.005262519,0.004949563,0.005431353,0.005190458,1,10000
"185","4-130904504-T-A","Both_LR","Both_DRGSG",0,0.031519056,0.008538263,0.02002866,0.021069839,0.013452036,0.017260938,0.008541664,0.023857658,0.016199661,0.01392484,0.017455352,0.015690096,0,330
"186","4-132384404-C-T","Both_LR","Both_DRGSG",0,0.027468158,0.006840926,0.017154542,0.019047851,0.013157708,0.01610278,0.005486902,0.021043756,0.013265329,0.013930163,0.015764848,0.014847506,0,380
"187","4-134050286-C-T","Both_LR","Both_DRGSG",0,0.017958332,0.005679694,0.011819013,0.011978041,0.007770017,0.009874029,0.006170077,0.013701991,0.009936034,0.008502563,0.009415775,0.008959169,0,660
"188","4-135495790-C-G","Both_LR","Both_DRGSG",0,0.029632676,0.006716566,0.018174621,0.017194287,0.012500748,0.014847518,0.005822106,0.022292126,0.014057116,0.012242306,0.015627003,0.013934655,0,310
"189","4-151296512-A-T","Both_LR","Both_DRGSG",0,0.034164107,0.011035506,0.022599807,0.020945563,0.014935158,0.017940361,0.013651098,0.025582709,0.019616904,0.015355414,0.018037094,0.016696254,0,340
"190","4-154231894-T-C","Both_LR","Both_DRGSG",0,0.039037498,0.009775417,0.024406458,0.025267093,0.016849702,0.021058398,0.010062508,0.029187774,0.019625141,0.018244454,0.020226434,0.019235444,0,230
"191","4-155480091-C-T","Both_LR","Both_DRGSG",0,0.028610043,0.007626269,0.018118156,0.02059521,0.012662951,0.016629081,0.008436292,0.021345444,0.014890868,0.014177786,0.015604505,0.014891146,0,320
"192","4-16263544-C-T","Right_Specific","DRG_Enriched",0,0.004518594,0.002584376,0.003551485,0.002520742,0.002589151,0.002554947,0.002453779,0.003917387,0.003185583,0.002298868,0.002896445,0.002597657,0,8130
"193","4-164065822-T-C","Both_LR","Both_DRGSG",0,0.019158919,0.004449049,0.011803984,0.011232995,0.007932542,0.009582769,0.004446562,0.014256458,0.00935151,0.007815549,0.010053205,0.008934377,0,490
"194","4-176709272-G-C","Both_LR","Both_DRGSG",0,0.033347887,0.008474992,0.02091144,0.021192066,0.014634647,0.017913357,0.008513425,0.025044111,0.016778768,0.015062171,0.01805607,0.016559121,0,270
"195","4-178245603-G-C","Both_LR","Both_DRGSG",0,0.006502741,0.000179619,0.00334118,0.0007957,0.001088193,0.000941947,0,0.004454907,0.002227454,7.9e-05,0.002123758,0.001101367,0,570
"196","4-182271115-G-T","Both_LR","Both_DRGSG",0,0.034365961,0.008371701,0.021368831,0.021557145,0.014463109,0.018010127,0.00703121,0.026148038,0.016589624,0.015167399,0.017874383,0.016520891,0,270
"197","4-186288060-G-A","Both_LR","Both_DRGSG",0,0.038884635,0.009826421,0.024355528,0.023699018,0.016384979,0.020041999,0.011063878,0.028786078,0.019924978,0.016838638,0.020229011,0.018533825,0,270
"198","4-187774716-G-C","Both_LR","DRG_Enriched",0,0.017324104,0.014881149,0.016102627,0.015910437,0.011502594,0.013706516,0.014200312,0.016736731,0.015468522,0.013129218,0.012195352,0.012662285,1,10000
"199","4-187934806-T-A","Both_LR","Both_DRGSG",0,0.034778277,0.009962193,0.022370235,0.02407374,0.014892896,0.019483318,0.010529333,0.026317203,0.018423268,0.016333852,0.018672256,0.017503054,0,300
"200","4-19088238-C-T","Both_LR","Both_DRGSG",0,0.033018739,0.008844651,0.020931695,0.021034038,0.013775568,0.017404803,0.009967107,0.024586558,0.017276833,0.014658458,0.017071182,0.01586482,0,320
"201","4-20505723-G-T","Both_LR","Both_DRGSG",0,0.023662281,0.01852769,0.021094986,0.020831725,0.019998841,0.020415283,0.011213895,0.024388683,0.017801289,0.014529482,0.027061803,0.020795643,0,6290
"202","4-25584288-A-C","Both_LR","Both_DRGSG",0,0.043532383,0.010462214,0.026997299,0.026005469,0.017613383,0.021809426,0.011422047,0.032189049,0.021805548,0.017471257,0.022819185,0.020145221,0,210
"203","4-26258323-C-T","Both_LR","Both_DRGSG",0,0.035285729,0.010483167,0.022884448,0.026943259,0.01717507,0.022059165,0.008726058,0.027603912,0.018164985,0.018995324,0.020851679,0.019923502,0,330
"204","4-28624341-A-G","Both_LR","Both_DRGSG",0,0.035251289,0.008492387,0.021871838,0.021067875,0.014555551,0.017811713,0.009037436,0.026149972,0.017593704,0.014480115,0.01855347,0.016516793,0,260
"205","4-75383331-C-T","Both_LR","Both_DRGSG",0,0.015635401,0.004766311,0.010200856,0.009660513,0.007147902,0.008404208,0.004449954,0.012117823,0.008283889,0.007019671,0.008809346,0.007914509,0,760
"206","4-7780652-C-T","Both_LR","Both_DRGSG",0,0.040799052,0.009807656,0.025303354,0.02706153,0.015552191,0.021306861,0.009177682,0.030678578,0.01992813,0.017878803,0.019665859,0.018772331,0,220
"207","5-102655383-C-T","Both_LR","Both_DRGSG",0,0.034911895,0.008982376,0.021947136,0.02190221,0.014698442,0.018300326,0.007043668,0.026914958,0.016979313,0.015570985,0.017973651,0.016772318,0,260
"208","5-103503802-T-A","Both_LR","Both_DRGSG",0,0.032149204,0.008384179,0.020266692,0.021007081,0.013904311,0.017455696,0.008160357,0.024302137,0.016231247,0.014540761,0.017402234,0.015971498,0,330
"209","5-108089261-G-A","Both_LR","DRG_Enriched",0,0.025281827,0.004961597,0.015121712,0.015050295,0.009271844,0.01216107,0.004857976,0.018542958,0.011700467,0.010704169,0.011020125,0.010862147,0,310
"210","5-112186219-T-A","Both_LR","Both_DRGSG",0,0.039996706,0.009681258,0.024838982,0.024954431,0.016709025,0.020831728,0.010402001,0.029651309,0.020026655,0.018062848,0.02003168,0.019047264,0,230
"211","5-113031688-G-A","Both_LR","Both_DRGSG",0,0.017469242,0.003656953,0.010563098,0.01070527,0.007028081,0.008866676,0.003525011,0.012909126,0.008217069,0.00747206,0.008701618,0.008086839,0,460
"212","5-129435755-A-G","Both_LR","DRG_Enriched",0,0.006864644,0.006486913,0.006675779,0.006189823,0.004849496,0.00551966,0.006554041,0.006716358,0.0066352,0.005346015,0.005057869,0.005201942,1,10000
"213","5-168532400-C-T","Left_Enriched","Both_DRGSG",0,0.003599886,0.004025175,0.003812531,0.005741272,0.003524046,0.004632659,0.003884631,0.003788497,0.003836564,0.004426758,0.003771128,0.004098943,1,10000
"214","5-174612974-G-A","Both_LR","Both_DRGSG",0,0.034485121,0.007711686,0.021098404,0.02407916,0.016744098,0.020411629,0.007646551,0.025582354,0.016614453,0.017176618,0.020626111,0.018901365,0,270
"215","5-177900736-C-T","Both_LR","Both_DRGSG",0,0.037702533,0.009925529,0.023814031,0.025943574,0.016844385,0.02139398,0.009861392,0.028464911,0.019163152,0.018002284,0.020914419,0.019458352,0,240
"216","5-20438980-A-G","Both_LR","Both_DRGSG",0,0.034385088,0.009139533,0.021762311,0.022839242,0.015417628,0.019128435,0.008653532,0.026131904,0.017392718,0.0159099,0.019279871,0.017594886,0,300
"217","5-25441548-A-G","Both_LR","Both_DRGSG",0,0.033274523,0.007919781,0.020597152,0.022910936,0.015167025,0.019038981,0.008882757,0.02450195,0.016692354,0.015434559,0.019492331,0.017463445,0,280
"218","5-34895864-G-A","Both_LR","Both_DRGSG",0,0.037547935,0.013088285,0.02531811,0.024789278,0.0150969,0.019943089,0.012325131,0.029649103,0.020987117,0.016508439,0.01921848,0.01786346,0,340
"219","5-36860736-A-T","Both_LR","DRG_Enriched",0,0.011594101,0.011893762,0.011743932,0.011017674,0.008524094,0.009770884,0.010129508,0.012282072,0.01120579,0.009868497,0.008406958,0.009137728,1,10000
"220","5-417675-A-G","Both_LR","Both_DRGSG",0,0.038978139,0.010757232,0.024867686,0.023702734,0.01707184,0.020387287,0.011313255,0.029385829,0.020349542,0.016882226,0.021277914,0.01908007,0,270
"221","5-53164338-A-G","Both_LR","Both_DRGSG",0,0.018771561,0.020716991,0.019744276,0.020281796,0.019188007,0.019734902,0.021735404,0.019080567,0.020407986,0.019989408,0.018882599,0.019436004,1,10000
"222","5-57451455-T-C","Both_LR","Both_DRGSG",0,0.034270721,0.00813343,0.021202076,0.022747774,0.015064027,0.018905901,0.006801369,0.026002311,0.01640184,0.015677928,0.018937594,0.017307761,0,270
"223","5-6055886-C-T","Both_LR","Both_DRGSG",0,0.033609567,0.010373649,0.021991608,0.020986374,0.013972507,0.017479441,0.008728472,0.026412653,0.017570563,0.014917614,0.017046699,0.015982157,0,350
"224","5-61286843-C-A","Both_LR","Both_DRGSG",0,0.031805747,0.008488714,0.020147231,0.022486074,0.014319954,0.018403014,0.009180795,0.023802709,0.016491752,0.015618773,0.017661044,0.016639909,0,330
"225","5-67324095-A-G","Both_LR","Both_DRGSG",0,0.038556944,0.00868141,0.023619177,0.024578166,0.015220732,0.019899449,0.009456328,0.028340126,0.018898227,0.016296269,0.019544549,0.017920409,0,200
"226","5-7943856-T-C","Both_LR","Both_DRGSG",0,0.034544652,0.009600324,0.022072488,0.02415415,0.014635332,0.019394741,0.008275014,0.026671646,0.01747333,0.015867718,0.018867759,0.017367739,0,300
"227","5-88693020-C-T","Both_LR","Both_DRGSG",0,0.033186624,0.008560506,0.020873565,0.02122145,0.014000578,0.017611014,0.009911901,0.024527453,0.017219677,0.014862085,0.017299293,0.016080689,0,320
"228","5-90529071-C-G","Both_LR","Both_DRGSG",0,0.038571642,0.009119061,0.023845352,0.025010135,0.01522932,0.020119728,0.009214041,0.028722455,0.018968248,0.016763403,0.019256909,0.018010156,0,240
"229","6-101809128-A-C","Both_LR","Both_DRGSG",0,0.03477323,0.008829293,0.021801262,0.020819773,0.013429505,0.017124639,0.008817753,0.026129097,0.017473425,0.014605648,0.016452294,0.015528971,0,260
"230","6-112687769-G-A","Both_LR","Both_DRGSG",0,0.036500931,0.010312262,0.023406597,0.022883499,0.015362316,0.019122908,0.010341631,0.027761585,0.019051608,0.016348526,0.018691575,0.017520051,0,320
"231","6-12087166-A-G","Both_LR","Both_DRGSG",0,0.041691935,0.01204039,0.026866163,0.028151583,0.017982071,0.023066827,0.011534048,0.031976867,0.021755458,0.019160419,0.02266976,0.02091509,0,250
"232","6-122710405-A-C","Both_LR","Both_DRGSG",0,0.034389917,0.008722121,0.021556019,0.022105864,0.015660406,0.018883135,0.009291534,0.025644181,0.017467858,0.01638563,0.018657411,0.017521521,0,300
"233","6-130485605-T-C","Both_LR","Both_DRGSG",0,0.022981321,0.006038656,0.014509989,0.01359617,0.008514183,0.011055177,0.006173257,0.017288899,0.011731078,0.009465791,0.010421445,0.009943618,0,400
"234","6-132942837-G-C","Both_LR","Both_DRGSG",0,0.033767468,0.008129289,0.020948379,0.02266489,0.014882839,0.018773865,0.007788615,0.025334967,0.016561791,0.015399105,0.01893255,0.017165828,0,270
"235","6-151672146-C-T","Both_LR","Both_DRGSG",0,0.0386343,0.010115639,0.02437497,0.025225572,0.017053544,0.021139558,0.010635556,0.028954774,0.019795165,0.017863874,0.020984364,0.019424119,0,270
"236","6-153112941-A-C","Both_LR","Both_DRGSG",0,0.006100063,0.006941506,0.006520785,0.006180182,0.005846663,0.006013423,0.007044621,0.006346172,0.006695397,0.005984032,0.005881933,0.005932983,1,10000
"237","6-157155295-T-G","Both_LR","Both_DRGSG",0,0.038481984,0.008761728,0.023621856,0.024656756,0.01603354,0.020345148,0.010557011,0.027976804,0.019266908,0.016851044,0.020226465,0.018538755,0,200
"238","6-159496734-C-T","Both_LR","Both_DRGSG",0,0.036067267,0.009680183,0.022873725,0.024764543,0.015249919,0.020007231,0.01036019,0.027044903,0.018702547,0.016161734,0.019864515,0.018013125,0,250
"239","6-163549699-G-A","Both_LR","Both_DRGSG",0,0.034915096,0.008712649,0.021813873,0.022499174,0.014920365,0.01870977,0.009992963,0.025754175,0.017873569,0.01610488,0.018046232,0.017075556,0,260
"240","6-27455741-T-C","Both_LR","DRG_Enriched",0,0.040724729,0.002232143,0.021478436,0.023119547,0.017837192,0.02047837,0.004464286,0.027149819,0.015807053,0.014845887,0.024596172,0.01972103,0,120
"241","6-33860998-G-A","Both_LR","Both_DRGSG",0,0.039182172,0.009580599,0.024381386,0.024552816,0.016629009,0.020590913,0.010575239,0.028983435,0.019779337,0.017995739,0.019743217,0.018869478,0,230
"242","6-67243578-C-T","Both_LR","Both_DRGSG",0,0.028850647,0.008991523,0.018921085,0.018498127,0.013113676,0.015805902,0.008037824,0.022548839,0.015293332,0.013676574,0.015668869,0.014672722,0,410
"243","6-75818494-G-A","Both_LR","Both_DRGSG",0,0.033038308,0.010694256,0.021866282,0.022698113,0.014927695,0.018812904,0.010340951,0.025708059,0.018024505,0.015832247,0.018504483,0.017168365,0,390
"244","6-75827089-G-C","Both_LR","Both_DRGSG",0,0.032650216,0.010968196,0.021809206,0.02156688,0.015223369,0.018395125,0.012312488,0.024974779,0.018643634,0.01576672,0.018377454,0.017072087,0,400
"245","6-88886097-T-C","Both_LR","Both_DRGSG",0,0.037346872,0.009313715,0.023330294,0.025506714,0.015851385,0.02067905,0.012153133,0.027056014,0.019604574,0.01716277,0.02007092,0.018616845,0,240
"246","6-94554463-G-A","Both_LR","Both_DRGSG",0,0.032179793,0.008202873,0.020191333,0.018007607,0.012660003,0.015333805,0.006647659,0.024705891,0.015676775,0.01348455,0.01487911,0.01418183,0,330
"247","6-95981216-G-A","Both_LR","Both_DRGSG",0,0.032166086,0.010459637,0.021312862,0.022617666,0.014206317,0.018411992,0.011095778,0.024718556,0.017907167,0.015248503,0.018002502,0.016625503,0,400
"248","6-97618121-C-T","Right_Enriched","SG_Enriched",0,0.001767526,0.003547294,0.00265741,0.002065108,0.003159852,0.00261248,0.002808489,0.002607051,0.00270777,0.001719413,0.004231532,0.002975473,0,7130
"249","7-114114229-G-C","Both_LR","Both_DRGSG",0,0.013952308,0.029877978,0.021915143,0.023466863,0.028441437,0.02595415,0.043036232,0.01487478,0.028955506,0.037929887,0.014070553,0.02600022,0,720
"250","7-121382086-G-T","Both_LR","Both_DRGSG",0,0.033316483,0.009357046,0.021336765,0.023144301,0.012779135,0.017961718,0.012136357,0.024403567,0.018269962,0.014528272,0.016899269,0.015713771,0,350
"251","7-137124843-C-A","Both_LR","Both_DRGSG",0,0.036234745,0.008829674,0.02253221,0.021497212,0.014371183,0.017934198,0.009587895,0.026846981,0.018217438,0.014724813,0.018222444,0.016473629,0,250
"252","7-18626762-CT-C","Both_LR","Both_DRGSG",0,0.033860424,0.007802168,0.020831296,0.021784005,0.013911116,0.017847561,0.008047291,0.025092631,0.016569961,0.014466017,0.017968969,0.016217493,0,230
"253","7-24678512-C-A","Both_LR","Both_DRGSG",0,0.036154911,0.008779467,0.022467189,0.025431692,0.016425219,0.020928456,0.007300526,0.027522744,0.017411635,0.016940648,0.021210587,0.019075618,0,250
"254","7-27252894-A-T","Both_LR","Both_DRGSG",0,0.039848604,0.009360241,0.024604423,0.026957388,0.017191899,0.022074644,0.007725863,0.030230609,0.018978236,0.018527326,0.02144868,0.019988003,0,230
"255","7-36216416-G-A","Both_LR","Both_DRGSG",0,0.006684002,0.00615892,0.006421461,0.006199462,0.005231629,0.005715546,0.003458325,0.007409173,0.005433749,0.005006902,0.006082002,0.005544452,1,10000
"256","7-50441232-A-G","Both_LR","Both_DRGSG",0,0.036722705,0.009513372,0.023118039,0.024968506,0.015204027,0.020086267,0.010642906,0.027276416,0.018959661,0.016846795,0.019091393,0.017969094,0,280
"257","7-50697646-C-T","Left_Enriched","SG_Enriched",0,0.001194617,0.001792683,0.00149365,0.002117315,0.003583757,0.002850536,0.002730732,0.001081289,0.001906011,0.004296619,0.001848457,0.003072538,1,10000
"258","7-53061664-G-A","Both_LR","Both_DRGSG",0,0.031899578,0.008303084,0.020101331,0.022313337,0.014431987,0.018372662,0.008655069,0.023916752,0.016285911,0.015521795,0.017853027,0.016687411,0,330
"259","7-67972424-G-A","Both_LR","Both_DRGSG",0,0.010111701,0.018166053,0.014138877,0.022482149,0.015956648,0.019219399,0.025167696,0.010462604,0.01781515,0.024702978,0.009376352,0.017039665,0,1890
"260","7-71871350-T-G","Both_LR","Both_DRGSG",0,0.034253348,0.010797337,0.022525343,0.026152431,0.015431674,0.020792053,0.011640687,0.026153561,0.018897124,0.017226671,0.019710132,0.018468402,0,340
"261","7-90326596-G-A","Both_LR","Both_DRGSG",0,0.035201398,0.008759457,0.021980428,0.023590219,0.014534743,0.019062481,0.00914606,0.02625855,0.017702305,0.015936887,0.018285456,0.017111172,0,260
"262","7-91740471-A-G","Both_LR","Both_DRGSG",0,0.03673638,0.008139965,0.022438173,0.024373314,0.01646897,0.020421142,0.008382537,0.027123384,0.017752961,0.016915987,0.020675157,0.018795572,0,210
"263","8-118560378-C-T","Both_LR","Both_DRGSG",0,0.007808319,0.005182616,0.006495468,0.006393141,0.006562845,0.006477993,0.003531253,0.007483539,0.005507396,0.006855462,0.006109883,0.006482673,0,7830
"264","8-119292810-C-T","Left_Enriched","Both_DRGSG",0,0.00481848,0.005460037,0.005139259,0.005031683,0.005362193,0.005196938,0.00581907,0.004912655,0.005365863,0.005372518,0.005151497,0.005262008,1,10000
"265","8-141936564-A-C","Both_LR","Both_DRGSG",0,0.020707274,0.004155642,0.012431458,0.014737488,0.008510825,0.011624157,0.004268835,0.015152333,0.009710584,0.009713756,0.010803305,0.010258531,0,380
"266","8-143440648-A-G","Both_LR","Both_DRGSG",0,0.018211528,0.005036046,0.011623787,0.011248331,0.007939744,0.009594038,0.005148472,0.013782225,0.009465349,0.008476854,0.009280364,0.008878609,0,580
"267","8-144511267-G-A","Both_LR","Both_DRGSG",0,0.086047064,0.016004974,0.051026019,0.058753704,0.035146704,0.046950204,0.016896493,0.062402528,0.039649511,0.040152222,0.043304281,0.041728252,0,100
"268","8-2515737-C-T","Both_LR","Both_DRGSG",0,0.037171117,0.009165334,0.023168226,0.022068363,0.015168459,0.018618411,0.010184451,0.02749615,0.018840301,0.01574127,0.018621029,0.01718115,0,280
"269","8-32727690-C-T","Both_LR","Both_DRGSG",0,0.03333557,0.008210006,0.020772788,0.021875285,0.014122984,0.017999135,0.008671425,0.024806576,0.016739001,0.015157625,0.017532795,0.01634521,0,270
"270","8-33028781-A-G","Both_LR","Both_DRGSG",0,0.033788689,0.010770915,0.022279802,0.025685171,0.015234314,0.020459743,0.012424002,0.025565069,0.018994536,0.01722411,0.019117073,0.018170592,0,380
"271","8-33573131-G-T","Both_LR","Both_DRGSG",0,0.039818897,0.007542429,0.023680663,0.025890283,0.015814107,0.020852195,0.00697487,0.029249261,0.018112066,0.016540516,0.020988121,0.018764319,0,200
"272","8-35658305-A-G","Both_LR","Both_DRGSG",0,0.019093864,0.017657452,0.018375658,0.017770042,0.016891296,0.017330669,0.016182127,0.019106835,0.017644481,0.017012871,0.017272653,0.017142762,1,10000
"273","8-36993188-C-G","Both_LR","Both_DRGSG",0,0.034101733,0.009185859,0.021643796,0.023472031,0.014235811,0.018853921,0.008744048,0.025943712,0.01734388,0.015294852,0.018506693,0.016900773,0,310
"274","8-39415684-A-G","Both_LR","Both_DRGSG",0,0.036635055,0.011675999,0.024155527,0.025757843,0.0171652,0.021461522,0.013207104,0.027805001,0.020506053,0.018156117,0.021131686,0.019643902,0,320
"275","8-40689310-C-T","Left_Enriched","SG_Enriched",0,0.004172363,0.008122842,0.006147603,0.003307079,0.008508372,0.005907726,0.011591959,0.004332817,0.007962388,0.008803213,0.005033786,0.0069185,0,3390
"276","8-52195103-G-A","Both_LR","Both_DRGSG",0,0.072290786,0.016412939,0.044351863,0.045647179,0.029142001,0.03739459,0.016467913,0.053646512,0.035057213,0.030627472,0.037262542,0.033945007,0,100
"277","8-53145799-G-C","Both_LR","Both_DRGSG",0,0.066491961,0.01814768,0.042319821,0.043605127,0.02882309,0.036214109,0.020028466,0.049750272,0.034889369,0.029853084,0.03645632,0.033154702,0,130
"278","8-80121537-G-A","Both_LR","DRG_Enriched",0,0.005270403,0.005652918,0.005461661,0.005730101,0.004681404,0.005205753,0.00583078,0.005338621,0.005584701,0.004916457,0.005028559,0.004972508,1,10000
"279","8-85056058-G-A","Both_LR","Both_DRGSG",0,0.062336652,0.018405967,0.04037131,0.03875044,0.025638672,0.032194556,0.020303869,0.047060456,0.033682163,0.027151928,0.031689826,0.029420877,0,160
"280","8-91837826-T-C","Both_LR","Both_DRGSG",0,0.020171043,0.006772065,0.013471554,0.015961988,0.008847291,0.01240464,0.009262968,0.014874416,0.012068692,0.010424737,0.011223174,0.010823956,0,650
"281","9-107457296-G-T","Both_LR","Both_DRGSG",0,0.016004952,0.003819016,0.009911984,0.010266468,0.007405115,0.008835792,0.003875681,0.011924086,0.007899884,0.007275345,0.009277652,0.008276499,0,580
"282","9-11493088-C-T","Both_LR","Both_DRGSG",0,0.031043778,0.009105999,0.020074889,0.019901238,0.014030845,0.016966042,0.009410221,0.023629777,0.016519999,0.014647809,0.016812723,0.015730266,0,380
"283","9-116635474-T-C","Both_LR","Both_DRGSG",0,0.037642652,0.009421573,0.023532113,0.026763035,0.016963064,0.02186305,0.009951627,0.028058941,0.019005284,0.017802382,0.021835864,0.019819123,0,240
"284","9-118673359-A-T","Left_Enriched","Both_DRGSG",0,0.004439665,0.004059073,0.004249369,0.004336562,0.004154453,0.004245508,0.004064623,0.004310951,0.004187787,0.004296919,0.004092759,0.004194839,1,10000
"285","9-25493566-C-A","Both_LR","Both_DRGSG",0,0.032555501,0.010319719,0.02143761,0.021873451,0.014241782,0.018057617,0.012621725,0.024376238,0.018498982,0.014945626,0.017976171,0.016460899,0,360
"286","9-32065667-C-A","Both_LR","Both_DRGSG",0,0.034798849,0.008820338,0.021809594,0.021145122,0.013907083,0.017526103,0.00887351,0.026121622,0.017497566,0.014502479,0.017535431,0.016018955,0,260
"287","9-74534260-C-G","Both_LR","Both_DRGSG",0,0.040521247,0.009994987,0.025258117,0.025539947,0.016961574,0.021250761,0.008612555,0.030806638,0.019709597,0.018201108,0.020621157,0.019411133,0,260
"288","9-88918863-C-T","Both_LR","Both_DRGSG",0,0.036480936,0.007616353,0.022048645,0.021345746,0.015183262,0.018264504,0.007383802,0.026936925,0.017160364,0.016063117,0.017824927,0.016944022,0,250
"289","9-93007638-T-A","Both_LR","Both_DRGSG",0,0.039660384,0.009458887,0.024559636,0.023949091,0.015902208,0.01992565,0.010198201,0.02934678,0.019772491,0.016614544,0.019875533,0.018245039,0,230
"290","X-107114333-G-A","Both_LR","Both_DRGSG",0,0.031251999,0.010290858,0.020771429,0.019807776,0.014519743,0.01716376,0.011212932,0.023957594,0.017585263,0.01497079,0.017151306,0.016061048,0,420
"291","X-117628265-G-A","Both_LR","Both_DRGSG",0,0.036760998,0.008745734,0.022753366,0.024884465,0.015866211,0.020375338,0.010366119,0.026882448,0.018624284,0.017175309,0.019706246,0.018440778,0,250
"292","X-120508786-C-T","Both_LR","Both_DRGSG",0,0.0364269,0.008822739,0.02262482,0.02484487,0.015722722,0.020283796,0.009170625,0.027109551,0.018140088,0.016956398,0.0197156,0.018335999,0,250
"293","X-121716035-C-T","Both_LR","Both_DRGSG",0,0.03410784,0.010837054,0.022472447,0.020218101,0.014936102,0.017577102,0.011623162,0.026088875,0.018856019,0.015126796,0.017876468,0.016501632,0,340
"294","X-135568623-C-T","Both_LR","Both_DRGSG",0,0.033251646,0.009203274,0.02122746,0.023554354,0.015086417,0.019320386,0.007701733,0.025736035,0.016718884,0.016677795,0.018257525,0.01746766,0,350
"295","X-150988099-G-T","Both_LR","Both_DRGSG",0,0.036601817,0.008970284,0.022786051,0.023698797,0.014644224,0.019171511,0.007477171,0.02788901,0.017683091,0.016363048,0.018014378,0.017188713,0,250
"296","X-16186105-T-A","Both_LR","Both_DRGSG",0,0.036293418,0.008418881,0.02235615,0.022262138,0.014239122,0.01825063,0.008780513,0.026881362,0.017830938,0.015370081,0.017695782,0.016532932,0,250
"297","X-23358634-C-T","Both_LR","Both_DRGSG",0,0.033514182,0.008143563,0.020828873,0.022482076,0.014537067,0.018509572,0.007560464,0.025251676,0.01640607,0.015274845,0.018418739,0.016846792,0,270
"298","X-28274046-C-T","Both_LR","Both_DRGSG",0,0.029808637,0.008802117,0.019305377,0.019175661,0.013074487,0.016125074,0.007774503,0.023149002,0.015461753,0.013790501,0.015875974,0.014833238,0,350
"299","X-31728705-A-G","Both_LR","Both_DRGSG",0,0.03498753,0.009144858,0.022066194,0.022248584,0.016381991,0.019315288,0.009353565,0.026303737,0.017828651,0.016299778,0.020000602,0.01815019,0,260
"300","X-34165687-G-A","Both_LR","DRG_Enriched",0,0.014197891,0.004280485,0.009239188,0.010325647,0.007156177,0.008740912,0.003524133,0.011144206,0.00733417,0.007149334,0.009066071,0.008107703,0,840
"301","X-5078669-T-C","Both_LR","Both_DRGSG",0,0.038433066,0.009985998,0.024209532,0.023406181,0.015376433,0.019391307,0.00906022,0.029259303,0.019159762,0.016030196,0.019409767,0.017719982,0,270
"302","X-67877815-G-T","Left_Specific","SG_Enriched",0,0.001634496,0.004901808,0.003268152,0.001491213,0.002847769,0.002169491,0.009142694,0.001309971,0.005226333,0.004048336,0.000593156,0.002320746,0,2710
"303","X-68763438-C-T","Both_LR","SG_Enriched",0,0.004980501,0.007489592,0.006235047,0.003771783,0.006036167,0.004903975,0.009815845,0.005041447,0.007428646,0.005972098,0.004754419,0.005363259,0,8310
"304","X-78079542-G-T","Both_LR","Both_DRGSG",0,0.035256999,0.00811213,0.021684565,0.021006623,0.014326563,0.017666593,0.008666033,0.026024075,0.017345054,0.015356333,0.017098876,0.016227605,0,220
"305","X-8184101-G-T","Both_LR","Both_DRGSG",0,0.005300119,0.006852648,0.006076384,0.005667053,0.006694419,0.006180736,0.006761877,0.005847885,0.006304881,0.006461448,0.006357564,0.006409506,1,10000
"306","X-86088281-C-G","Both_LR","Both_DRGSG",0,0.032048258,0.009696888,0.020872573,0.020687357,0.013879537,0.017283447,0.008862864,0.024875809,0.016869337,0.015231315,0.016342096,0.015786706,0,370
"307","X-87270003-C-A","Both_LR","Both_DRGSG",0,0.028478094,0.008868329,0.018673212,0.021699448,0.013725749,0.017712599,0.008706662,0.021995395,0.015351029,0.014419357,0.017677639,0.016048498,0,410
